Path;SteerAngle;Throttle;Brake;Speed;X_Position;Y_Position;Pitch;Yaw;Roll
/Users/Anand/Documents/RoboND-Rover-Project-master/dataset/IMG/robocam_2018_11_10_15_55_41_842.jpg;0;0;1;0;99.66999;85.58897;0.0002528627;56.82556;1.046015E-06
/Users/Anand/Documents/RoboND-Rover-Project-master/dataset/IMG/robocam_2018_11_10_15_55_41_904.jpg;0;0;0;0;99.66999;85.58897;0.0002520901;56.82556;6.488633E-07
/Users/Anand/Documents/RoboND-Rover-Project-master/dataset/IMG/robocam_2018_11_10_15_55_41_971.jpg;0;0;0;0;99.66999;85.58897;0.0002511086;56.82556;5.792245E-07
/Users/Anand/Documents/RoboND-Rover-Project-master/dataset/IMG/robocam_2018_11_10_15_55_42_038.jpg;0;0;0;0;99.66999;85.58897;0.0002502186;56.82556;2.027478E-07
/Users/Anand/Documents/RoboND-Rover-Project-master/dataset/IMG/robocam_2018_11_10_15_55_42_104.jpg;0;0;0;0;99.66999;85.58897;0.0002494264;56.82556;2.45185E-07
/Users/Anand/Documents/RoboND-Rover-Project-master/dataset/IMG/robocam_2018_11_10_15_55_42_171.jpg;0;0;0;0;99.66999;85.58897;0.0002479597;56.82556;3.093848E-07
/Users/Anand/Documents/RoboND-Rover-Project-master/dataset/IMG/robocam_2018_11_10_15_55_42_237.jpg;0;0;0;0;99.66999;85.58897;0.0002465952;56.82556;4.040495E-07
/Users/Anand/Documents/RoboND-Rover-Project-master/dataset/IMG/robocam_2018_11_10_15_55_42_304.jpg;0;0;0;0;99.66999;85.58897;0.0002449239;56.82556;4.073194E-07
/Users/Anand/Documents/RoboND-Rover-Project-master/dataset/IMG/robocam_2018_11_10_15_55_42_371.jpg;0;0;0;0;99.66999;85.58897;0.0002425475;56.82556;5.346247E-07
/Users/Anand/Documents/RoboND-Rover-Project-master/dataset/IMG/robocam_2018_11_10_15_55_42_438.jpg;0;0;0;0;99.66999;85.58897;0.0002405237;56.82556;5.999253E-07
/Users/Anand/Documents/RoboND-Rover-Project-master/dataset/IMG/robocam_2018_11_10_15_55_42_504.jpg;0;0.1998421;0;0;99.66995;85.58892;-0.001054883;56.82574;1.365496E-06
/Users/Anand/Documents/RoboND-Rover-Project-master/dataset/IMG/robocam_2018_11_10_15_55_42_571.jpg;0;0.400575;0;0.01449536;99.67149;85.59128;0.06014187;56.87989;-3.623537E-05
/Users/Anand/Documents/RoboND-Rover-Project-master/dataset/IMG/robocam_2018_11_10_15_55_42_638.jpg;0;0.6000363;0;0.05707462;99.67404;85.59519;0.1559898;56.87948;-8.364678E-05
/Users/Anand/Documents/RoboND-Rover-Project-master/dataset/IMG/robocam_2018_11_10_15_55_42_704.jpg;0;0.8001541;0;0.06237271;99.67749;85.60047;0.2768661;56.83089;0.0001571829
/Users/Anand/Documents/RoboND-Rover-Project-master/dataset/IMG/robocam_2018_11_10_15_55_42_771.jpg;0;0.9998581;0;0.1321046;99.68614;85.6137;0.561851;57.0013;-0.001371747
/Users/Anand/Documents/RoboND-Rover-Project-master/dataset/IMG/robocam_2018_11_10_15_55_42_838.jpg;0;1;0;0.1657781;99.69437;85.62634;0.7901869;57.11354;-0.0009293408
/Users/Anand/Documents/RoboND-Rover-Project-master/dataset/IMG/robocam_2018_11_10_15_55_42_904.jpg;-2.99997;1;0;0.232662;99.70454;85.64164;1.037214;57.21185;-0.001497204
/Users/Anand/Documents/RoboND-Rover-Project-master/dataset/IMG/robocam_2018_11_10_15_55_42_971.jpg;-6.001378;1;0;0.2944558;99.72111;85.66498;1.323599;57.07766;-0.0001338114
/Users/Anand/Documents/RoboND-Rover-Project-master/dataset/IMG/robocam_2018_11_10_15_55_43_037.jpg;-9.001842;1;0;0.3469647;99.73338;85.68102;1.24451;56.79438;0.0007864576
/Users/Anand/Documents/RoboND-Rover-Project-master/dataset/IMG/robocam_2018_11_10_15_55_43_104.jpg;-6.004522;1;0;0.4215848;99.7469;85.6993;1.11406;56.53924;0.001521019
/Users/Anand/Documents/RoboND-Rover-Project-master/dataset/IMG/robocam_2018_11_10_15_55_43_171.jpg;-3.001987;1;0;0.4735922;99.76831;85.72926;1.053763;56.4115;-0.0002511053
/Users/Anand/Documents/RoboND-Rover-Project-master/dataset/IMG/robocam_2018_11_10_15_55_43_238.jpg;-0.001255274;1;0;0.5133995;99.78652;85.75598;1.081673;56.36102;0.0008810913
/Users/Anand/Documents/RoboND-Rover-Project-master/dataset/IMG/robocam_2018_11_10_15_55_43_304.jpg;0;1;0;0.5632569;99.80661;85.78587;1.155412;56.33643;-0.0003867313
/Users/Anand/Documents/RoboND-Rover-Project-master/dataset/IMG/robocam_2018_11_10_15_55_43_371.jpg;0;1;0;0.6100315;99.83586;85.82954;1.259198;56.32507;-0.001139529
/Users/Anand/Documents/RoboND-Rover-Project-master/dataset/IMG/robocam_2018_11_10_15_55_43_438.jpg;0;1;0;0.6645262;99.85864;85.86356;1.237082;56.4236;-0.00173239
/Users/Anand/Documents/RoboND-Rover-Project-master/dataset/IMG/robocam_2018_11_10_15_55_43_504.jpg;0;1;0;0.7496523;99.88298;85.89987;1.193347;56.425;-0.0002001733
/Users/Anand/Documents/RoboND-Rover-Project-master/dataset/IMG/robocam_2018_11_10_15_55_43_571.jpg;0;1;0;0.8040273;99.91889;85.95344;1.193952;56.2912;9.110676E-05
/Users/Anand/Documents/RoboND-Rover-Project-master/dataset/IMG/robocam_2018_11_10_15_55_43_638.jpg;0;1;0;0.8419843;99.94791;85.9966;1.211572;56.26302;-0.001039061
/Users/Anand/Documents/RoboND-Rover-Project-master/dataset/IMG/robocam_2018_11_10_15_55_43_704.jpg;0;1;0;0.9197374;99.97874;86.04245;1.229949;56.25864;-0.000831527
/Users/Anand/Documents/RoboND-Rover-Project-master/dataset/IMG/robocam_2018_11_10_15_55_43_771.jpg;0;1;0;0.9621014;100.0223;86.10709;1.231358;56.24974;-0.0008734521
/Users/Anand/Documents/RoboND-Rover-Project-master/dataset/IMG/robocam_2018_11_10_15_55_43_838.jpg;0;1;0;1.016385;100.0567;86.15819;1.217675;56.24215;-0.0008537529
/Users/Anand/Documents/RoboND-Rover-Project-master/dataset/IMG/robocam_2018_11_10_15_55_43_904.jpg;0;1;0;1.074486;100.0926;86.21154;1.215069;56.27458;-0.0008104935
/Users/Anand/Documents/RoboND-Rover-Project-master/dataset/IMG/robocam_2018_11_10_15_55_43_971.jpg;0;1;0;1.122833;100.1432;86.28662;1.226279;56.29941;-0.0009458244
/Users/Anand/Documents/RoboND-Rover-Project-master/dataset/IMG/robocam_2018_11_10_15_55_44_038.jpg;0;1;0;1.164;100.1828;86.34548;1.225775;56.26528;-0.0005698375
/Users/Anand/Documents/RoboND-Rover-Project-master/dataset/IMG/robocam_2018_11_10_15_55_44_104.jpg;0;1;0;1.231759;100.2241;86.40679;1.228415;56.2253;-0.0006555819
/Users/Anand/Documents/RoboND-Rover-Project-master/dataset/IMG/robocam_2018_11_10_15_55_44_171.jpg;0;1;0;1.2791;100.2816;86.49214;1.231923;56.19055;-0.0008673676
/Users/Anand/Documents/RoboND-Rover-Project-master/dataset/IMG/robocam_2018_11_10_15_55_44_237.jpg;0;1;0;1.326362;100.3267;86.55892;1.236425;56.16695;-0.0008901862
/Users/Anand/Documents/RoboND-Rover-Project-master/dataset/IMG/robocam_2018_11_10_15_55_44_304.jpg;0;1;0;1.387818;100.3734;86.62802;1.240514;56.14699;-0.0009097756
/Users/Anand/Documents/RoboND-Rover-Project-master/dataset/IMG/robocam_2018_11_10_15_55_44_371.jpg;0;1;0;1.435035;100.4382;86.7238;1.246292;56.12305;-0.0008752717
/Users/Anand/Documents/RoboND-Rover-Project-master/dataset/IMG/robocam_2018_11_10_15_55_44_438.jpg;0;1;0;1.48212;100.4886;86.79832;1.250934;56.11092;-0.0009587762
/Users/Anand/Documents/RoboND-Rover-Project-master/dataset/IMG/robocam_2018_11_10_15_55_44_504.jpg;0;1;0;1.54536;100.5407;86.87513;1.25304;56.09996;-0.000957576
/Users/Anand/Documents/RoboND-Rover-Project-master/dataset/IMG/robocam_2018_11_10_15_55_44_571.jpg;0;1;0;1.590931;100.6125;86.98117;1.259726;56.08463;-0.0009950201
/Users/Anand/Documents/RoboND-Rover-Project-master/dataset/IMG/robocam_2018_11_10_15_55_44_638.jpg;0;1;0;1.638006;100.6683;87.06339;1.265971;56.07224;-0.0009936882
/Users/Anand/Documents/RoboND-Rover-Project-master/dataset/IMG/robocam_2018_11_10_15_55_44_704.jpg;0;1;0;1.699502;100.7256;87.14783;1.268866;56.0625;-0.001032305
/Users/Anand/Documents/RoboND-Rover-Project-master/dataset/IMG/robocam_2018_11_10_15_55_44_771.jpg;0;1;0;1.744712;100.8045;87.26401;1.275533;56.04627;-0.001043436
/Users/Anand/Documents/RoboND-Rover-Project-master/dataset/IMG/robocam_2018_11_10_15_55_44_838.jpg;0;1;0;1.790383;100.8654;87.35372;1.278228;56.03699;-0.0010638
/Users/Anand/Documents/RoboND-Rover-Project-master/dataset/IMG/robocam_2018_11_10_15_55_44_904.jpg;0;1;0;1.851803;100.9279;87.44572;1.282984;56.02583;-0.001086085
/Users/Anand/Documents/RoboND-Rover-Project-master/dataset/IMG/robocam_2018_11_10_15_55_44_971.jpg;0;1;0;1.897135;101.0137;87.57188;1.289935;56.01024;-0.001096737
/Users/Anand/Documents/RoboND-Rover-Project-master/dataset/IMG/robocam_2018_11_10_15_55_45_038.jpg;0;1;0;1.941775;101.0798;87.66905;1.291553;55.99863;-0.001102982
/Users/Anand/Documents/RoboND-Rover-Project-master/dataset/IMG/robocam_2018_11_10_15_55_45_104.jpg;0;1;0;2.001689;101.1474;87.76846;1.29572;55.98777;-0.001115607
/Users/Anand/Documents/RoboND-Rover-Project-master/dataset/IMG/robocam_2018_11_10_15_55_45_171.jpg;0;1;0;2.04707;101.2401;87.90449;1.302805;55.97301;-0.001155962
/Users/Anand/Documents/RoboND-Rover-Project-master/dataset/IMG/robocam_2018_11_10_15_55_45_238.jpg;0;1;0;2.091779;101.3112;88.00903;1.30437;55.96195;-0.00116653
/Users/Anand/Documents/RoboND-Rover-Project-master/dataset/IMG/robocam_2018_11_10_15_55_45_304.jpg;0;1;0;2.151057;101.384;88.11581;1.310007;55.95015;-0.001203975
/Users/Anand/Documents/RoboND-Rover-Project-master/dataset/IMG/robocam_2018_11_10_15_55_45_371.jpg;0;1;0;2.19543;101.4834;88.26151;1.312738;55.93528;-0.001212704
/Users/Anand/Documents/RoboND-Rover-Project-master/dataset/IMG/robocam_2018_11_10_15_55_45_438.jpg;0;1;0;2.239364;101.5596;88.37331;1.314148;55.92455;-0.001219589
/Users/Anand/Documents/RoboND-Rover-Project-master/dataset/IMG/robocam_2018_11_10_15_55_45_504.jpg;0;1;0;2.298003;101.6374;88.48731;1.318173;55.91248;-0.001232722
/Users/Anand/Documents/RoboND-Rover-Project-master/dataset/IMG/robocam_2018_11_10_15_55_45_571.jpg;0;1;0;2.341609;101.7435;88.64262;1.322272;55.89796;-0.00125386
/Users/Anand/Documents/RoboND-Rover-Project-master/dataset/IMG/robocam_2018_11_10_15_55_45_638.jpg;0;1;0;2.38537;101.8248;88.76161;1.325204;55.88573;-0.001272303
/Users/Anand/Documents/RoboND-Rover-Project-master/dataset/IMG/robocam_2018_11_10_15_55_45_704.jpg;0;1;0;2.443097;101.9076;88.88277;1.3311;55.87437;-0.001298513
/Users/Anand/Documents/RoboND-Rover-Project-master/dataset/IMG/robocam_2018_11_10_15_55_45_771.jpg;0;1;0;2.485756;102.0202;89.04752;1.331081;55.85913;-0.001292188
/Users/Anand/Documents/RoboND-Rover-Project-master/dataset/IMG/robocam_2018_11_10_15_55_45_838.jpg;0;1;0;2.529537;102.1065;89.17357;1.332234;55.84695;-0.001302036
/Users/Anand/Documents/RoboND-Rover-Project-master/dataset/IMG/robocam_2018_11_10_15_55_45_904.jpg;0;1;0;2.586608;102.1942;89.30176;1.335869;55.83506;-0.001325577
/Users/Anand/Documents/RoboND-Rover-Project-master/dataset/IMG/robocam_2018_11_10_15_55_45_971.jpg;-1.500208;1;0;2.629255;102.3138;89.47572;1.342443;55.74538;-0.001009758
/Users/Anand/Documents/RoboND-Rover-Project-master/dataset/IMG/robocam_2018_11_10_15_55_46_038.jpg;-4.500001;1;0;2.671005;102.4067;89.60735;1.338048;55.34611;0.0003703453
/Users/Anand/Documents/RoboND-Rover-Project-master/dataset/IMG/robocam_2018_11_10_15_55_46_104.jpg;-7.500465;1;0;2.726559;102.5032;89.73937;1.327953;54.58898;0.001983048
/Users/Anand/Documents/RoboND-Rover-Project-master/dataset/IMG/robocam_2018_11_10_15_55_46_171.jpg;-10.49895;1;0;2.765855;102.6393;89.91384;1.293632;52.94497;359.933
/Users/Anand/Documents/RoboND-Rover-Project-master/dataset/IMG/robocam_2018_11_10_15_55_46_237.jpg;-7.496099;1;0;2.805268;102.7451;90.0444;1.227257;51.6723;359.8864
/Users/Anand/Documents/RoboND-Rover-Project-master/dataset/IMG/robocam_2018_11_10_15_55_46_304.jpg;-4.499009;1;0;2.862795;102.8539;90.17572;1.153873;50.70065;359.8454
/Users/Anand/Documents/RoboND-Rover-Project-master/dataset/IMG/robocam_2018_11_10_15_55_46_371.jpg;-1.498813;1;0;2.905337;103.0024;90.35374;1.088842;50.02081;359.8122
/Users/Anand/Documents/RoboND-Rover-Project-master/dataset/IMG/robocam_2018_11_10_15_55_46_438.jpg;0;1;0;2.94622;103.116;90.49023;1.084605;49.89791;359.8074
/Users/Anand/Documents/RoboND-Rover-Project-master/dataset/IMG/robocam_2018_11_10_15_55_46_504.jpg;0;1;0;2.999469;103.2314;90.62903;1.109788;49.8912;359.821
/Users/Anand/Documents/RoboND-Rover-Project-master/dataset/IMG/robocam_2018_11_10_15_55_46_571.jpg;0;1;0;3.040602;103.3879;90.81742;1.172152;49.92219;359.8735
/Users/Anand/Documents/RoboND-Rover-Project-master/dataset/IMG/robocam_2018_11_10_15_55_46_638.jpg;0;1;0;3.080865;103.5074;90.96123;1.244944;49.95224;359.9271
/Users/Anand/Documents/RoboND-Rover-Project-master/dataset/IMG/robocam_2018_11_10_15_55_46_704.jpg;-1.508539;1;0;3.134434;103.6288;91.10703;1.336262;49.95119;359.9878
/Users/Anand/Documents/RoboND-Rover-Project-master/dataset/IMG/robocam_2018_11_10_15_55_46_771.jpg;-4.502614;1;0;3.17332;103.7957;91.30096;1.410354;49.44571;-0.0003473243
/Users/Anand/Documents/RoboND-Rover-Project-master/dataset/IMG/robocam_2018_11_10_15_55_46_838.jpg;-7.495696;1;0;3.214003;103.9246;91.44491;1.380808;48.59747;0.002154269
/Users/Anand/Documents/RoboND-Rover-Project-master/dataset/IMG/robocam_2018_11_10_15_55_46_904.jpg;-10.50125;1;0;3.266612;104.0586;91.58692;1.331222;47.35689;359.9551
/Users/Anand/Documents/RoboND-Rover-Project-master/dataset/IMG/robocam_2018_11_10_15_55_46_971.jpg;-13.49843;1;0;3.301958;104.2453;91.77073;1.181572;45.02724;359.7961
/Users/Anand/Documents/RoboND-Rover-Project-master/dataset/IMG/robocam_2018_11_10_15_55_47_038.jpg;-15;1;0;3.337106;104.3918;91.90273;0.9694766;42.84804;359.6189
/Users/Anand/Documents/RoboND-Rover-Project-master/dataset/IMG/robocam_2018_11_10_15_55_47_104.jpg;-15;1;0;3.382955;104.5436;92.02962;0.69019;40.56733;359.3917
/Users/Anand/Documents/RoboND-Rover-Project-master/dataset/IMG/robocam_2018_11_10_15_55_47_171.jpg;-12.00075;1;0;3.418658;104.7541;92.19222;0.260123;37.79644;359.0378
/Users/Anand/Documents/RoboND-Rover-Project-master/dataset/IMG/robocam_2018_11_10_15_55_47_238.jpg;-9.001679;1;0;3.455423;104.9169;92.31099;359.9189;36.15014;358.7894
/Users/Anand/Documents/RoboND-Rover-Project-master/dataset/IMG/robocam_2018_11_10_15_55_47_304.jpg;-5.999998;1;0;3.493957;105.0853;92.43248;359.8188;35.06007;358.7472
/Users/Anand/Documents/RoboND-Rover-Project-master/dataset/IMG/robocam_2018_11_10_15_55_47_371.jpg;-3.000253;1;0;3.521989;105.3182;92.59734;0.007667234;34.18099;358.9537
/Users/Anand/Documents/RoboND-Rover-Project-master/dataset/IMG/robocam_2018_11_10_15_55_47_438.jpg;-0.0006902218;1;0;3.572367;105.4983;92.72028;0.1835628;33.81679;359.1301
/Users/Anand/Documents/RoboND-Rover-Project-master/dataset/IMG/robocam_2018_11_10_15_55_47_504.jpg;0;1;0;3.623051;105.6815;92.84372;0.3852515;33.71905;359.2967
/Users/Anand/Documents/RoboND-Rover-Project-master/dataset/IMG/robocam_2018_11_10_15_55_47_571.jpg;0;1;0;3.660731;105.9297;93.01009;0.6973227;33.70048;359.5156
/Users/Anand/Documents/RoboND-Rover-Project-master/dataset/IMG/robocam_2018_11_10_15_55_47_638.jpg;0;1;0;3.698355;106.1183;93.13657;0.9494135;33.7184;359.6873
/Users/Anand/Documents/RoboND-Rover-Project-master/dataset/IMG/robocam_2018_11_10_15_55_47_704.jpg;0;1;0;3.748824;106.3085;93.26453;1.197701;33.74799;359.8726
/Users/Anand/Documents/RoboND-Rover-Project-master/dataset/IMG/robocam_2018_11_10_15_55_47_771.jpg;-3.003795;1;0;3.786594;106.5664;93.43398;1.48622;33.48812;0.0009971695
/Users/Anand/Documents/RoboND-Rover-Project-master/dataset/IMG/robocam_2018_11_10_15_55_47_838.jpg;-6.001153;1;0;3.819744;106.7608;93.55691;1.460069;32.85869;0.002345171
/Users/Anand/Documents/RoboND-Rover-Project-master/dataset/IMG/robocam_2018_11_10_15_55_47_904.jpg;-9.001982;1;0;3.881695;106.9588;93.67772;1.396508;31.8677;0.002965823
/Users/Anand/Documents/RoboND-Rover-Project-master/dataset/IMG/robocam_2018_11_10_15_55_47_971.jpg;-6.005117;1;0;3.917896;107.2289;93.83621;1.342985;30.43966;359.9456
/Users/Anand/Documents/RoboND-Rover-Project-master/dataset/IMG/robocam_2018_11_10_15_55_48_038.jpg;-3.004026;1;0;3.954918;107.4347;93.95466;1.303368;29.67324;359.8856
/Users/Anand/Documents/RoboND-Rover-Project-master/dataset/IMG/robocam_2018_11_10_15_55_48_104.jpg;-0.004817247;1;0;4.006077;107.6423;94.07384;1.242994;29.26744;359.8644
/Users/Anand/Documents/RoboND-Rover-Project-master/dataset/IMG/robocam_2018_11_10_15_55_48_171.jpg;0;1;0;4.043969;107.9232;94.23373;1.194422;29.13369;359.8377
/Users/Anand/Documents/RoboND-Rover-Project-master/dataset/IMG/robocam_2018_11_10_15_55_48_238.jpg;0;1;0;4.080726;108.1368;94.35475;1.185171;29.13735;359.8277
/Users/Anand/Documents/RoboND-Rover-Project-master/dataset/IMG/robocam_2018_11_10_15_55_48_304.jpg;0;1;0;4.129781;108.3527;94.47694;1.195668;29.16224;359.8341
/Users/Anand/Documents/RoboND-Rover-Project-master/dataset/IMG/robocam_2018_11_10_15_55_48_371.jpg;2.997766;1;0;4.166127;108.6431;94.64352;1.247484;29.45655;359.8961
/Users/Anand/Documents/RoboND-Rover-Project-master/dataset/IMG/robocam_2018_11_10_15_55_48_438.jpg;5.99787;1;0;4.201726;108.8619;94.77276;1.315337;30.06326;359.992
/Users/Anand/Documents/RoboND-Rover-Project-master/dataset/IMG/robocam_2018_11_10_15_55_48_504.jpg;5.99279;1;0;4.248252;109.0814;94.90486;1.380681;30.94978;0.03534758
/Users/Anand/Documents/RoboND-Rover-Project-master/dataset/IMG/robocam_2018_11_10_15_55_48_571.jpg;2.997181;1;0;4.284127;109.3748;95.08381;1.396142;31.93608;0.05569645
/Users/Anand/Documents/RoboND-Rover-Project-master/dataset/IMG/robocam_2018_11_10_15_55_48_638.jpg;0;1;0;4.322863;109.5959;95.22009;1.369705;32.29977;0.04482552
/Users/Anand/Documents/RoboND-Rover-Project-master/dataset/IMG/robocam_2018_11_10_15_55_48_704.jpg;-1.494811;1;0;4.371697;109.8187;95.35843;1.360358;32.37602;0.04549153
/Users/Anand/Documents/RoboND-Rover-Project-master/dataset/IMG/robocam_2018_11_10_15_55_48_771.jpg;-4.496445;1;0;4.407114;110.1203;95.54292;1.379468;31.93346;0.001464166
/Users/Anand/Documents/RoboND-Rover-Project-master/dataset/IMG/robocam_2018_11_10_15_55_48_838.jpg;-7.501366;1;0;4.441827;110.35;95.68069;1.405692;31.19129;0.0003841002
/Users/Anand/Documents/RoboND-Rover-Project-master/dataset/IMG/robocam_2018_11_10_15_55_48_904.jpg;-7.496957;1;0;4.487104;110.5834;95.8158;1.427837;30.11981;359.9606
/Users/Anand/Documents/RoboND-Rover-Project-master/dataset/IMG/robocam_2018_11_10_15_55_48_971.jpg;-4.496761;1;0;4.522475;110.8983;95.99371;1.378677;28.84811;359.9154
/Users/Anand/Documents/RoboND-Rover-Project-master/dataset/IMG/robocam_2018_11_10_15_55_49_038.jpg;-1.496791;1;0;4.559604;111.1374;96.12585;1.312248;28.26429;359.8697
/Users/Anand/Documents/RoboND-Rover-Project-master/dataset/IMG/robocam_2018_11_10_15_55_49_104.jpg;0;1;0;4.607562;111.3788;96.25814;1.238166;28.03538;359.8351
/Users/Anand/Documents/RoboND-Rover-Project-master/dataset/IMG/robocam_2018_11_10_15_55_49_171.jpg;2.992138;1;0;4.643064;111.7041;96.43648;1.176103;28.19398;359.8123
/Users/Anand/Documents/RoboND-Rover-Project-master/dataset/IMG/robocam_2018_11_10_15_55_49_238.jpg;2.984215;1;0;4.677411;111.9498;96.57332;1.162547;28.61185;359.8456
/Users/Anand/Documents/RoboND-Rover-Project-master/dataset/IMG/robocam_2018_11_10_15_55_49_304.jpg;0;1;0;4.723288;112.1974;96.71185;1.176536;28.9436;359.8981
/Users/Anand/Documents/RoboND-Rover-Project-master/dataset/IMG/robocam_2018_11_10_15_55_49_371.jpg;0;1;0;4.757614;112.5308;96.89881;1.233176;29.1377;359.993
/Users/Anand/Documents/RoboND-Rover-Project-master/dataset/IMG/robocam_2018_11_10_15_55_49_438.jpg;0;1;0;4.791795;112.7836;97.03947;1.289658;29.17291;-0.00320748
/Users/Anand/Documents/RoboND-Rover-Project-master/dataset/IMG/robocam_2018_11_10_15_55_49_504.jpg;0;1;0;4.837501;113.0383;97.18114;1.353505;29.17805;-0.002670815
/Users/Anand/Documents/RoboND-Rover-Project-master/dataset/IMG/robocam_2018_11_10_15_55_49_571.jpg;-1.49994;1;0;4.87177;113.3812;97.37121;1.443897;29.11122;-0.002050722
/Users/Anand/Documents/RoboND-Rover-Project-master/dataset/IMG/robocam_2018_11_10_15_55_49_638.jpg;-4.50234;1;0;4.905954;113.6412;97.51333;1.510028;28.7975;-0.001196552
/Users/Anand/Documents/RoboND-Rover-Project-master/dataset/IMG/robocam_2018_11_10_15_55_49_704.jpg;-7.500331;1;0;4.951592;113.9038;97.65376;1.538514;28.16306;-0.0006499561
/Users/Anand/Documents/RoboND-Rover-Project-master/dataset/IMG/robocam_2018_11_10_15_55_49_771.jpg;-4.49955;1;0;4.986982;114.2573;97.83814;1.481616;27.17215;-0.002085132
/Users/Anand/Documents/RoboND-Rover-Project-master/dataset/IMG/robocam_2018_11_10_15_55_49_838.jpg;-1.49832;1;0;5.012433;114.5243;97.97527;1.439853;26.71566;359.9928
/Users/Anand/Documents/RoboND-Rover-Project-master/dataset/IMG/robocam_2018_11_10_15_55_49_904.jpg;0;1;0;5.014853;114.7918;98.11196;1.415862;26.54766;359.9825
/Users/Anand/Documents/RoboND-Rover-Project-master/dataset/IMG/robocam_2018_11_10_15_55_49_971.jpg;0;1;0;5.000969;115.1488;98.29355;1.402057;26.43499;359.9692
/Users/Anand/Documents/RoboND-Rover-Project-master/dataset/IMG/robocam_2018_11_10_15_55_50_038.jpg;0;1;0;5.011477;115.4174;98.4296;1.413958;26.462;359.9623
/Users/Anand/Documents/RoboND-Rover-Project-master/dataset/IMG/robocam_2018_11_10_15_55_50_104.jpg;0;1;0;5.003828;115.6864;98.56581;1.442948;26.53285;359.967
/Users/Anand/Documents/RoboND-Rover-Project-master/dataset/IMG/robocam_2018_11_10_15_55_50_171.jpg;3.004557;1;0;5.015202;116.0441;98.74829;1.483175;26.74194;359.992
/Users/Anand/Documents/RoboND-Rover-Project-master/dataset/IMG/robocam_2018_11_10_15_55_50_238.jpg;5.997596;1;0;5.017079;116.3122;98.88705;1.52807;27.26618;359.9917
/Users/Anand/Documents/RoboND-Rover-Project-master/dataset/IMG/robocam_2018_11_10_15_55_50_304.jpg;2.992718;1;0;5.025695;116.5771;99.02575;1.438709;27.86644;359.9943
/Users/Anand/Documents/RoboND-Rover-Project-master/dataset/IMG/robocam_2018_11_10_15_55_50_371.jpg;0;1;0;5.014146;116.9312;99.21218;1.373562;28.24693;-0.001546895
/Users/Anand/Documents/RoboND-Rover-Project-master/dataset/IMG/robocam_2018_11_10_15_55_50_438.jpg;0;1;0;5.006777;117.1966;99.35248;1.347377;28.28092;0.0002288746
/Users/Anand/Documents/RoboND-Rover-Project-master/dataset/IMG/robocam_2018_11_10_15_55_50_504.jpg;0;1;0;4.988234;117.4622;99.49323;1.340282;28.24655;-7.381825E-05
/Users/Anand/Documents/RoboND-Rover-Project-master/dataset/IMG/robocam_2018_11_10_15_55_50_571.jpg;0;1;0;5.007972;117.8169;99.68135;1.360723;28.19796;-0.0007986636
/Users/Anand/Documents/RoboND-Rover-Project-master/dataset/IMG/robocam_2018_11_10_15_55_50_638.jpg;0;1;0;5.023318;118.0831;99.82258;1.389225;28.15219;-0.001315998
/Users/Anand/Documents/RoboND-Rover-Project-master/dataset/IMG/robocam_2018_11_10_15_55_50_704.jpg;0;1;0;5.008688;118.3496;99.96384;1.430855;28.12124;-0.001569779
/Users/Anand/Documents/RoboND-Rover-Project-master/dataset/IMG/robocam_2018_11_10_15_55_50_771.jpg;1.500304;1;0;5.021093;118.7053;100.1523;1.497274;28.14525;-0.002678402
/Users/Anand/Documents/RoboND-Rover-Project-master/dataset/IMG/robocam_2018_11_10_15_55_50_838.jpg;4.502206;1;0;4.983428;118.9702;100.2944;1.511811;28.38163;-0.00172597
/Users/Anand/Documents/RoboND-Rover-Project-master/dataset/IMG/robocam_2018_11_10_15_55_50_904.jpg;7.501189;1;0;4.993425;119.2332;100.4384;1.456167;28.98786;-0.00273867
/Users/Anand/Documents/RoboND-Rover-Project-master/dataset/IMG/robocam_2018_11_10_15_55_50_971.jpg;10.50264;1;0;5.007728;119.579;100.6385;1.371893;30.4042;0.1484376
/Users/Anand/Documents/RoboND-Rover-Project-master/dataset/IMG/robocam_2018_11_10_15_55_51_037.jpg;10.50472;1;0;5.015146;119.8339;100.792;1.183107;31.80819;0.2532746
/Users/Anand/Documents/RoboND-Rover-Project-master/dataset/IMG/robocam_2018_11_10_15_55_51_104.jpg;7.505824;1;0;5.008226;120.0843;100.9511;0.9625813;33.3223;0.4269938
/Users/Anand/Documents/RoboND-Rover-Project-master/dataset/IMG/robocam_2018_11_10_15_55_51_171.jpg;4.503381;1;0;5.011626;120.4135;101.169;0.6237299;34.66397;0.6841857
/Users/Anand/Documents/RoboND-Rover-Project-master/dataset/IMG/robocam_2018_11_10_15_55_51_238.jpg;1.50377;1;0;5.011825;120.6579;101.3357;0.3545723;35.26585;0.8579307
/Users/Anand/Documents/RoboND-Rover-Project-master/dataset/IMG/robocam_2018_11_10_15_55_51_304.jpg;4.515488;1;0;5.011255;120.9006;101.5058;0.1131718;35.71651;1.037819
/Users/Anand/Documents/RoboND-Rover-Project-master/dataset/IMG/robocam_2018_11_10_15_55_51_371.jpg;7.505647;1;0;5.010263;121.2222;101.7378;359.8918;36.53267;1.204914
/Users/Anand/Documents/RoboND-Rover-Project-master/dataset/IMG/robocam_2018_11_10_15_55_51_438.jpg;10.50696;1;0;5.013508;121.4649;101.9177;-0.004288505;37.40902;1.180812
/Users/Anand/Documents/RoboND-Rover-Project-master/dataset/IMG/robocam_2018_11_10_15_55_51_504.jpg;13.51292;1;0;5.014059;121.7025;102.1027;0.05648135;38.71333;1.152885
/Users/Anand/Documents/RoboND-Rover-Project-master/dataset/IMG/robocam_2018_11_10_15_55_51_571.jpg;15;1;0;5.010868;122.009;102.3585;0.01264871;41.09949;1.14734
/Users/Anand/Documents/RoboND-Rover-Project-master/dataset/IMG/robocam_2018_11_10_15_55_51_638.jpg;15;1;0;5.00805;122.232;102.5587;0.00835767;43.03594;1.172989
/Users/Anand/Documents/RoboND-Rover-Project-master/dataset/IMG/robocam_2018_11_10_15_55_51_704.jpg;15;1;0;5.007886;122.4495;102.7653;0.01572459;45.01221;1.167833
/Users/Anand/Documents/RoboND-Rover-Project-master/dataset/IMG/robocam_2018_11_10_15_55_51_771.jpg;15;1;0;5.009203;122.7281;103.0517;0.008521488;47.66323;1.179594
/Users/Anand/Documents/RoboND-Rover-Project-master/dataset/IMG/robocam_2018_11_10_15_55_51_838.jpg;15;1;0;5.008615;122.9288;103.2747;0.01917138;49.66858;1.192735
/Users/Anand/Documents/RoboND-Rover-Project-master/dataset/IMG/robocam_2018_11_10_15_55_51_904.jpg;15;1;0;5.004284;123.1212;103.5043;0.01358466;51.62128;1.212633
/Users/Anand/Documents/RoboND-Rover-Project-master/dataset/IMG/robocam_2018_11_10_15_55_51_971.jpg;13.51068;1;0;5.01805;123.3677;103.8191;0.01262147;54.21138;1.137473
/Users/Anand/Documents/RoboND-Rover-Project-master/dataset/IMG/robocam_2018_11_10_15_55_52_038.jpg;10.50846;1;0;5.010391;123.5422;104.0631;0.01064768;55.95676;1.16211
/Users/Anand/Documents/RoboND-Rover-Project-master/dataset/IMG/robocam_2018_11_10_15_55_52_104.jpg;7.519426;1;0;5.010554;123.7109;104.3112;0.009761727;57.37988;1.14417
/Users/Anand/Documents/RoboND-Rover-Project-master/dataset/IMG/robocam_2018_11_10_15_55_52_171.jpg;4.521484;1;0;5.011732;123.9275;104.648;0.008520741;58.75917;1.095524
/Users/Anand/Documents/RoboND-Rover-Project-master/dataset/IMG/robocam_2018_11_10_15_55_52_238.jpg;4.530072;1;0;5.011937;124.0841;104.9044;0.008123043;59.46765;1.08973
/Users/Anand/Documents/RoboND-Rover-Project-master/dataset/IMG/robocam_2018_11_10_15_55_52_304.jpg;7.549569;1;0;5.01069;124.2359;105.1636;0.00522256;60.22594;1.104944
/Users/Anand/Documents/RoboND-Rover-Project-master/dataset/IMG/robocam_2018_11_10_15_55_52_371.jpg;10.54437;1;0;5.010771;124.431;105.5133;0.01033749;61.62452;1.114085
/Users/Anand/Documents/RoboND-Rover-Project-master/dataset/IMG/robocam_2018_11_10_15_55_52_438.jpg;7.542869;1;0;5.010965;124.5716;105.7786;0.008197187;62.76363;1.107679
/Users/Anand/Documents/RoboND-Rover-Project-master/dataset/IMG/robocam_2018_11_10_15_55_52_504.jpg;4.536917;1;0;5.011352;124.7082;106.046;0.005834503;63.72181;1.090283
/Users/Anand/Documents/RoboND-Rover-Project-master/dataset/IMG/robocam_2018_11_10_15_55_52_571.jpg;1.533208;1;0;5.011554;124.8856;106.4053;0.008215411;64.50574;1.045062
/Users/Anand/Documents/RoboND-Rover-Project-master/dataset/IMG/robocam_2018_11_10_15_55_52_638.jpg;1.543019;1;0;5.012037;125.0163;106.6767;0.03983464;64.79729;1.010029
/Users/Anand/Documents/RoboND-Rover-Project-master/dataset/IMG/robocam_2018_11_10_15_55_52_705.jpg;4.540871;1;0;5.011494;125.1443;106.9497;0.0945906;65.15627;0.9919818
/Users/Anand/Documents/RoboND-Rover-Project-master/dataset/IMG/robocam_2018_11_10_15_55_52_771.jpg;7.54282;1;0;5.011306;125.3094;107.3162;0.1700125;66.08163;1.003123
/Users/Anand/Documents/RoboND-Rover-Project-master/dataset/IMG/robocam_2018_11_10_15_55_52_838.jpg;10.5333;1;0;5.011098;125.4269;107.5932;0.2065324;67.24407;1.058908
/Users/Anand/Documents/RoboND-Rover-Project-master/dataset/IMG/robocam_2018_11_10_15_55_52_904.jpg;13.5249;1;0;5.003665;125.538;107.8701;0.1085011;68.83448;1.08542
/Users/Anand/Documents/RoboND-Rover-Project-master/dataset/IMG/robocam_2018_11_10_15_55_52_970.jpg;15;1;0;5.00951;125.6727;108.244;359.9728;71.31755;1.218439
/Users/Anand/Documents/RoboND-Rover-Project-master/dataset/IMG/robocam_2018_11_10_15_55_53_038.jpg;15;1;0;5.013971;125.7666;108.5294;0.01609198;73.15295;1.237096
/Users/Anand/Documents/RoboND-Rover-Project-master/dataset/IMG/robocam_2018_11_10_15_55_53_104.jpg;13.4925;1;0;5.012902;125.8542;108.8165;0.02195238;74.9942;1.121778
/Users/Anand/Documents/RoboND-Rover-Project-master/dataset/IMG/robocam_2018_11_10_15_55_53_171.jpg;10.50176;1;0;5.010046;125.9525;109.2037;-0.005585321;77.34666;1.157075
/Users/Anand/Documents/RoboND-Rover-Project-master/dataset/IMG/robocam_2018_11_10_15_55_53_237.jpg;7.510473;1;0;5.010013;126.018;109.4971;0.01914469;78.72575;1.178838
/Users/Anand/Documents/RoboND-Rover-Project-master/dataset/IMG/robocam_2018_11_10_15_55_53_304.jpg;4.525668;1;0;5.01116;126.0785;109.7908;-0.002161094;79.75117;1.133028
/Users/Anand/Documents/RoboND-Rover-Project-master/dataset/IMG/robocam_2018_11_10_15_55_53_370.jpg;1.537891;1;0;5.013515;126.1517;110.1853;0.02833549;80.56876;1.065049
/Users/Anand/Documents/RoboND-Rover-Project-master/dataset/IMG/robocam_2018_11_10_15_55_53_437.jpg;1.531234;1;0;5.012107;126.2027;110.4821;0.05845743;80.87022;1.020367
/Users/Anand/Documents/RoboND-Rover-Project-master/dataset/IMG/robocam_2018_11_10_15_55_53_504.jpg;4.542496;1;0;5.011511;126.2505;110.7796;0.102541;81.23671;0.9952005
/Users/Anand/Documents/RoboND-Rover-Project-master/dataset/IMG/robocam_2018_11_10_15_55_53_571.jpg;1.518901;1;0;5.011628;126.3106;111.1776;0.1909583;81.74994;0.9582449
/Users/Anand/Documents/RoboND-Rover-Project-master/dataset/IMG/robocam_2018_11_10_15_55_53_638.jpg;0;1;0;5.004376;126.3549;111.4764;0.2803979;81.92162;0.89634
/Users/Anand/Documents/RoboND-Rover-Project-master/dataset/IMG/robocam_2018_11_10_15_55_53_704.jpg;1.491925;1;0;5.006221;126.3985;111.7759;0.3873369;82.01136;0.810933
/Users/Anand/Documents/RoboND-Rover-Project-master/dataset/IMG/robocam_2018_11_10_15_55_53_770.jpg;4.485104;1;0;5.016387;126.4528;112.1757;0.5368236;82.43624;0.7164503
/Users/Anand/Documents/RoboND-Rover-Project-master/dataset/IMG/robocam_2018_11_10_15_55_53_837.jpg;7.482285;1;0;5.006592;126.4895;112.4755;0.630517;83.13889;0.6713896
/Users/Anand/Documents/RoboND-Rover-Project-master/dataset/IMG/robocam_2018_11_10_15_55_53_904.jpg;10.48203;1;0;5.00443;126.521;112.7755;0.6859562;84.24313;0.6652948
/Users/Anand/Documents/RoboND-Rover-Project-master/dataset/IMG/robocam_2018_11_10_15_55_53_971.jpg;13.48551;1;0;5.013303;126.551;113.1732;0.6168303;86.337;0.7487122
/Users/Anand/Documents/RoboND-Rover-Project-master/dataset/IMG/robocam_2018_11_10_15_55_54_037.jpg;15;1;0;5.006298;126.564;113.4698;0.4405162;88.25853;0.8675065
/Users/Anand/Documents/RoboND-Rover-Project-master/dataset/IMG/robocam_2018_11_10_15_55_54_104.jpg;15;1;0;5.022337;126.5673;113.7651;0.1631165;90.42047;1.044902
/Users/Anand/Documents/RoboND-Rover-Project-master/dataset/IMG/robocam_2018_11_10_15_55_54_170.jpg;15;1;0;5.008041;126.5573;114.1593;359.8703;93.07581;1.348074
/Users/Anand/Documents/RoboND-Rover-Project-master/dataset/IMG/robocam_2018_11_10_15_55_54_237.jpg;15;1;0;5.007781;126.5435;114.4601;359.9622;94.81839;1.339801
/Users/Anand/Documents/RoboND-Rover-Project-master/dataset/IMG/robocam_2018_11_10_15_55_54_304.jpg;15;1;0;5.017721;126.5208;114.7599;0.01641711;96.77753;1.242354
/Users/Anand/Documents/RoboND-Rover-Project-master/dataset/IMG/robocam_2018_11_10_15_55_54_371.jpg;13.50267;1;0;5.026667;126.4713;115.1569;0.02099642;99.42935;1.163138
/Users/Anand/Documents/RoboND-Rover-Project-master/dataset/IMG/robocam_2018_11_10_15_55_54_437.jpg;10.49302;1;0;5.006915;126.4217;115.4522;359.9935;101.1485;1.178591
/Users/Anand/Documents/RoboND-Rover-Project-master/dataset/IMG/robocam_2018_11_10_15_55_54_504.jpg;7.501423;1;0;5.016082;126.3643;115.7469;0.001717472;102.5634;1.166697
/Users/Anand/Documents/RoboND-Rover-Project-master/dataset/IMG/robocam_2018_11_10_15_55_54_571.jpg;4.502081;1;0;5.011283;126.2784;116.1381;0.001847926;103.9186;1.098812
/Users/Anand/Documents/RoboND-Rover-Project-master/dataset/IMG/robocam_2018_11_10_15_55_54_638.jpg;1.48834;1;0;5.011415;126.2077;116.4303;0.01516633;104.5087;1.07043
/Users/Anand/Documents/RoboND-Rover-Project-master/dataset/IMG/robocam_2018_11_10_15_55_54_704.jpg;4.490333;1;0;5.011448;126.133;116.7219;0.03837125;104.9687;1.050393
/Users/Anand/Documents/RoboND-Rover-Project-master/dataset/IMG/robocam_2018_11_10_15_55_54_771.jpg;7.486387;1;0;5.010841;126.0262;117.1084;0.06293872;105.9341;1.071049
/Users/Anand/Documents/RoboND-Rover-Project-master/dataset/IMG/robocam_2018_11_10_15_55_54_837.jpg;10.48046;1;0;5.010983;125.9404;117.3959;0.0502364;107.0215;1.100659
/Users/Anand/Documents/RoboND-Rover-Project-master/dataset/IMG/robocam_2018_11_10_15_55_54_904.jpg;10.45616;1;0;5.009659;125.8487;117.6808;-0.0007899274;108.3965;1.140977
/Users/Anand/Documents/RoboND-Rover-Project-master/dataset/IMG/robocam_2018_11_10_15_55_54_971.jpg;7.457762;1;0;5.008947;125.7184;118.0594;0.006737141;110.0493;1.146861
/Users/Anand/Documents/RoboND-Rover-Project-master/dataset/IMG/robocam_2018_11_10_15_55_55_038.jpg;10.46898;1;0;5.011358;125.6138;118.341;0.01861755;111.2659;1.152223
/Users/Anand/Documents/RoboND-Rover-Project-master/dataset/IMG/robocam_2018_11_10_15_55_55_104.jpg;13.46666;1;0;5.007461;125.5022;118.6191;-0.00341923;112.7061;1.172529
/Users/Anand/Documents/RoboND-Rover-Project-master/dataset/IMG/robocam_2018_11_10_15_55_55_171.jpg;10.4697;1;0;5.009226;125.3437;118.9868;0.01087764;114.7099;1.126288
/Users/Anand/Documents/RoboND-Rover-Project-master/dataset/IMG/robocam_2018_11_10_15_55_55_238.jpg;7.476436;1;0;5.010142;125.2171;119.2589;0.007976034;116.0043;1.109182
/Users/Anand/Documents/RoboND-Rover-Project-master/dataset/IMG/robocam_2018_11_10_15_55_55_304.jpg;4.457749;1;0;5.011758;125.0851;119.5287;0.008768389;117.0083;1.100263
/Users/Anand/Documents/RoboND-Rover-Project-master/dataset/IMG/robocam_2018_11_10_15_55_55_371.jpg;1.46538;1;0;5.012088;124.9038;119.8861;0.01279278;117.8064;1.057893
/Users/Anand/Documents/RoboND-Rover-Project-master/dataset/IMG/robocam_2018_11_10_15_55_55_438.jpg;0;1;0;5.012042;124.7651;120.1533;0.03484004;118.0446;1.011991
/Users/Anand/Documents/RoboND-Rover-Project-master/dataset/IMG/robocam_2018_11_10_15_55_55_505.jpg;0;1;0;5.011506;124.6245;120.4202;0.09349964;118.1317;0.9641374
/Users/Anand/Documents/RoboND-Rover-Project-master/dataset/IMG/robocam_2018_11_10_15_55_55_571.jpg;0;1;0;5.011117;124.4354;120.7766;0.2397105;118.1682;0.8805885
/Users/Anand/Documents/RoboND-Rover-Project-master/dataset/IMG/robocam_2018_11_10_15_55_55_638.jpg;0;1;0;5.017271;124.2929;121.0445;0.3902253;118.1759;0.7907263
/Users/Anand/Documents/RoboND-Rover-Project-master/dataset/IMG/robocam_2018_11_10_15_55_55_704.jpg;0;1;0;5.017031;124.1505;121.3123;0.5405812;118.1652;0.6640711
/Users/Anand/Documents/RoboND-Rover-Project-master/dataset/IMG/robocam_2018_11_10_15_55_55_771.jpg;1.496388;1;0;5.006884;123.9599;121.6695;0.7691216;118.2141;0.4803184
/Users/Anand/Documents/RoboND-Rover-Project-master/dataset/IMG/robocam_2018_11_10_15_55_55_838.jpg;4.501396;1;0;5.014197;123.8147;121.9367;0.9575996;118.5211;0.3797849
/Users/Anand/Documents/RoboND-Rover-Project-master/dataset/IMG/robocam_2018_11_10_15_55_55_905.jpg;7.500105;1;0;5.01536;123.6669;122.2018;1.129413;119.1502;0.3207679
/Users/Anand/Documents/RoboND-Rover-Project-master/dataset/IMG/robocam_2018_11_10_15_55_55_972.jpg;4.500494;1;0;5.004375;123.4687;122.5513;1.201759;120.1039;0.1800586
/Users/Anand/Documents/RoboND-Rover-Project-master/dataset/IMG/robocam_2018_11_10_15_55_56_038.jpg;1.506329;1;0;5.003384;123.317;122.8121;1.265955;120.5998;0.1309737
/Users/Anand/Documents/RoboND-Rover-Project-master/dataset/IMG/robocam_2018_11_10_15_55_56_105.jpg;0;1;0;5.000604;123.1644;123.0733;1.349425;120.7925;0.08770661
/Users/Anand/Documents/RoboND-Rover-Project-master/dataset/IMG/robocam_2018_11_10_15_55_56_171.jpg;0;1;0;5.012281;122.9609;123.4204;1.449168;120.7668;0.02789023
/Users/Anand/Documents/RoboND-Rover-Project-master/dataset/IMG/robocam_2018_11_10_15_55_56_238.jpg;0;1;0;5.018117;122.8073;123.6812;1.540041;120.7621;-0.003217781
/Users/Anand/Documents/RoboND-Rover-Project-master/dataset/IMG/robocam_2018_11_10_15_55_56_305.jpg;0;1;0;5.01503;122.655;123.9391;1.450859;120.7025;-0.0001736652
/Users/Anand/Documents/RoboND-Rover-Project-master/dataset/IMG/robocam_2018_11_10_15_55_56_371.jpg;0;1;0;5.015251;122.4526;124.2828;1.338754;120.7259;-0.001246209
/Users/Anand/Documents/RoboND-Rover-Project-master/dataset/IMG/robocam_2018_11_10_15_55_56_438.jpg;0;1;0;5.014678;122.3003;124.5415;1.298032;120.681;-0.001080007
/Users/Anand/Documents/RoboND-Rover-Project-master/dataset/IMG/robocam_2018_11_10_15_55_56_505.jpg;0;1;0;5.029008;122.1482;124.8001;1.270538;120.6877;-0.002214513
/Users/Anand/Documents/RoboND-Rover-Project-master/dataset/IMG/robocam_2018_11_10_15_55_56_571.jpg;0;1;0;5.013976;121.9448;125.1461;1.281916;120.6451;-0.001256242
/Users/Anand/Documents/RoboND-Rover-Project-master/dataset/IMG/robocam_2018_11_10_15_55_56_638.jpg;0;1;0;5.005291;121.7924;125.4057;1.304462;120.6207;-0.001457022
/Users/Anand/Documents/RoboND-Rover-Project-master/dataset/IMG/robocam_2018_11_10_15_55_56_705.jpg;0;1;0;5.014357;121.6398;125.6659;1.343231;120.59;-0.001339725
/Users/Anand/Documents/RoboND-Rover-Project-master/dataset/IMG/robocam_2018_11_10_15_55_56_771.jpg;0;1;0;5.004622;121.4365;126.0129;1.40745;120.5457;-0.001299062
/Users/Anand/Documents/RoboND-Rover-Project-master/dataset/IMG/robocam_2018_11_10_15_55_56_838.jpg;0;1;0;5.016419;121.2841;126.2735;1.463037;120.5125;-0.001464352
/Users/Anand/Documents/RoboND-Rover-Project-master/dataset/IMG/robocam_2018_11_10_15_55_56_905.jpg;0;1;0;5.005568;121.1317;126.5344;1.524504;120.4825;-0.001726781
/Users/Anand/Documents/RoboND-Rover-Project-master/dataset/IMG/robocam_2018_11_10_15_55_56_971.jpg;0;1;0;5.029011;120.9307;126.8794;1.434752;120.437;-0.001341539
/Users/Anand/Documents/RoboND-Rover-Project-master/dataset/IMG/robocam_2018_11_10_15_55_57_038.jpg;0;1;0;5.01368;120.7796;127.1391;1.400055;120.4021;-0.001410562
/Users/Anand/Documents/RoboND-Rover-Project-master/dataset/IMG/robocam_2018_11_10_15_55_57_105.jpg;0;1;0;5.017357;120.6287;127.3988;1.382279;120.3632;-0.001188532
/Users/Anand/Documents/RoboND-Rover-Project-master/dataset/IMG/robocam_2018_11_10_15_55_57_172.jpg;3.014369;1;0;4.995505;120.4262;127.7453;1.387585;120.5153;-0.002367968
/Users/Anand/Documents/RoboND-Rover-Project-master/dataset/IMG/robocam_2018_11_10_15_55_57_238.jpg;6.013126;1;0;5.008637;120.2719;128.0038;1.402634;120.9816;0.02176302
/Users/Anand/Documents/RoboND-Rover-Project-master/dataset/IMG/robocam_2018_11_10_15_55_57_305.jpg;9.008102;1;0;4.998078;120.1141;128.2599;1.407058;121.8033;0.1051641
/Users/Anand/Documents/RoboND-Rover-Project-master/dataset/IMG/robocam_2018_11_10_15_55_57_371.jpg;11.99223;1;0;5.008003;119.8986;128.594;1.234051;123.5237;0.2318062
/Users/Anand/Documents/RoboND-Rover-Project-master/dataset/IMG/robocam_2018_11_10_15_55_57_438.jpg;8.990689;1;0;5.001198;119.7312;128.8401;1.045727;125.0161;0.3791176
/Users/Anand/Documents/RoboND-Rover-Project-master/dataset/IMG/robocam_2018_11_10_15_55_57_505.jpg;5.995172;1;0;5.0067;119.5603;129.0819;0.8117908;126.2523;0.5470355
/Users/Anand/Documents/RoboND-Rover-Project-master/dataset/IMG/robocam_2018_11_10_15_55_57_571.jpg;-1.502096;1;0;5.012487;119.3291;129.4024;0.4877194;126.9086;0.7390151
/Users/Anand/Documents/RoboND-Rover-Project-master/dataset/IMG/robocam_2018_11_10_15_55_57_638.jpg;-4.500403;1;0;5.011499;119.1543;129.643;0.3016357;126.7643;0.8507971
/Users/Anand/Documents/RoboND-Rover-Project-master/dataset/IMG/robocam_2018_11_10_15_55_57_705.jpg;-7.504917;1;0;5.011373;118.9803;129.8858;0.1764334;126.2038;0.8797958
/Users/Anand/Documents/RoboND-Rover-Project-master/dataset/IMG/robocam_2018_11_10_15_55_57_772.jpg;-10.50183;1;0;5.011003;118.753;130.2152;0.1174546;124.8254;0.7282329
/Users/Anand/Documents/RoboND-Rover-Project-master/dataset/IMG/robocam_2018_11_10_15_55_57_838.jpg;-13.49307;1;0;5.01585;118.5889;130.4685;0.1619852;123.2864;0.4174295
/Users/Anand/Documents/RoboND-Rover-Project-master/dataset/IMG/robocam_2018_11_10_15_55_57_904.jpg;-15;1;0;5.00904;118.432;130.7269;0.2590532;121.408;359.9404
/Users/Anand/Documents/RoboND-Rover-Project-master/dataset/IMG/robocam_2018_11_10_15_55_57_971.jpg;-15;1;0;5.009341;118.2347;131.0775;0.378959;118.7193;359.1606
/Users/Anand/Documents/RoboND-Rover-Project-master/dataset/IMG/robocam_2018_11_10_15_55_58_038.jpg;-15;1;0;5.008015;118.095;131.342;0.3558669;116.6677;358.6187
/Users/Anand/Documents/RoboND-Rover-Project-master/dataset/IMG/robocam_2018_11_10_15_55_58_105.jpg;-12.00097;1;0;5.002895;117.9604;131.6054;0.161448;114.9083;358.2852
/Users/Anand/Documents/RoboND-Rover-Project-master/dataset/IMG/robocam_2018_11_10_15_55_58_171.jpg;-8.9997;1;0;5.002579;117.7882;131.9586;359.8018;113.2285;358.1786
/Users/Anand/Documents/RoboND-Rover-Project-master/dataset/IMG/robocam_2018_11_10_15_55_58_238.jpg;-5.997659;1;0;5.002517;117.6608;132.2303;359.8177;112.3985;358.4208
/Users/Anand/Documents/RoboND-Rover-Project-master/dataset/IMG/robocam_2018_11_10_15_55_58_305.jpg;-2.997737;1;0;5.004169;117.5359;132.5066;359.9936;111.8503;358.8531
/Users/Anand/Documents/RoboND-Rover-Project-master/dataset/IMG/robocam_2018_11_10_15_55_58_372.jpg;0;1;0;5.015666;117.3805;132.8846;0.3666151;110.9116;359.3235
/Users/Anand/Documents/RoboND-Rover-Project-master/dataset/IMG/robocam_2018_11_10_15_55_58_438.jpg;0;1;0;5.015537;117.27;133.17;0.6694193;110.717;359.5317
/Users/Anand/Documents/RoboND-Rover-Project-master/dataset/IMG/robocam_2018_11_10_15_55_58_504.jpg;0;1;0;5.011392;117.161;133.4557;0.9595134;110.6558;359.7144
/Users/Anand/Documents/RoboND-Rover-Project-master/dataset/IMG/robocam_2018_11_10_15_55_58_571.jpg;0;1;0;5.014199;117.016;133.8368;1.343159;110.6613;359.9439
/Users/Anand/Documents/RoboND-Rover-Project-master/dataset/IMG/robocam_2018_11_10_15_55_58_638.jpg;0;1;0;5.007404;116.9095;134.1222;1.56373;110.6381;-0.003073449
/Users/Anand/Documents/RoboND-Rover-Project-master/dataset/IMG/robocam_2018_11_10_15_55_58_705.jpg;2.999026;1;0;5.004966;116.8045;134.4035;1.47143;110.7356;-0.003084847
/Users/Anand/Documents/RoboND-Rover-Project-master/dataset/IMG/robocam_2018_11_10_15_55_58_771.jpg;5.997151;1;0;4.988229;116.6625;134.7723;1.285091;111.3351;0.04219373
/Users/Anand/Documents/RoboND-Rover-Project-master/dataset/IMG/robocam_2018_11_10_15_55_58_838.jpg;2.997857;1;0;5.011793;116.5523;135.0508;1.210697;111.8562;0.1210382
/Users/Anand/Documents/RoboND-Rover-Project-master/dataset/IMG/robocam_2018_11_10_15_55_58_904.jpg;0;1;0;5.012292;116.4412;135.3294;1.160426;112.1708;0.2030546
/Users/Anand/Documents/RoboND-Rover-Project-master/dataset/IMG/robocam_2018_11_10_15_55_58_972.jpg;0;1;0;5.008627;116.2926;135.701;1.124815;112.3649;0.2855972
/Users/Anand/Documents/RoboND-Rover-Project-master/dataset/IMG/robocam_2018_11_10_15_55_59_038.jpg;0;1;0;5.018404;116.1804;135.98;1.111157;112.3642;0.3221832
/Users/Anand/Documents/RoboND-Rover-Project-master/dataset/IMG/robocam_2018_11_10_15_55_59_105.jpg;0;1;0;5.013051;116.0688;136.2584;1.062946;112.2557;0.2890878
/Users/Anand/Documents/RoboND-Rover-Project-master/dataset/IMG/robocam_2018_11_10_15_55_59_171.jpg;0;1;0;4.994826;115.9189;136.6302;1.046231;112.0528;0.2437762
/Users/Anand/Documents/RoboND-Rover-Project-master/dataset/IMG/robocam_2018_11_10_15_55_59_238.jpg;0;1;0;5.000094;115.8072;136.9092;1.064144;111.9044;0.1852157
/Users/Anand/Documents/RoboND-Rover-Project-master/dataset/IMG/robocam_2018_11_10_15_55_59_304.jpg;0;1;0;5.015244;115.6957;137.1895;1.118982;111.8571;0.1051188
/Users/Anand/Documents/RoboND-Rover-Project-master/dataset/IMG/robocam_2018_11_10_15_55_59_371.jpg;0;1;0;4.997425;115.547;137.5641;1.226635;111.7953;-0.00194222
/Users/Anand/Documents/RoboND-Rover-Project-master/dataset/IMG/robocam_2018_11_10_15_55_59_438.jpg;0;1;0;5.006422;115.4344;137.8445;1.312838;111.7915;-0.004138634
/Users/Anand/Documents/RoboND-Rover-Project-master/dataset/IMG/robocam_2018_11_10_15_55_59_504.jpg;0;1;0;4.990067;115.322;138.1251;1.399577;111.7841;-0.004246176
/Users/Anand/Documents/RoboND-Rover-Project-master/dataset/IMG/robocam_2018_11_10_15_55_59_571.jpg;0;1;0;5.008032;115.1725;138.4995;1.516992;111.7792;-0.003736676
/Users/Anand/Documents/RoboND-Rover-Project-master/dataset/IMG/robocam_2018_11_10_15_55_59_638.jpg;0;1;0;5.01106;115.0617;138.7779;1.461104;111.7581;-0.001760974
/Users/Anand/Documents/RoboND-Rover-Project-master/dataset/IMG/robocam_2018_11_10_15_55_59_704.jpg;-3.001859;1;0;5.013309;114.9518;139.0575;1.441559;111.6154;-0.001406664
/Users/Anand/Documents/RoboND-Rover-Project-master/dataset/IMG/robocam_2018_11_10_15_55_59_772.jpg;-6.003315;1;0;5.008001;114.8084;139.4319;1.434115;110.9488;-0.0004571789
/Users/Anand/Documents/RoboND-Rover-Project-master/dataset/IMG/robocam_2018_11_10_15_55_59_838.jpg;-6.017804;1;0;5.025199;114.7039;139.714;1.438909;110.1682;-0.002211277
/Users/Anand/Documents/RoboND-Rover-Project-master/dataset/IMG/robocam_2018_11_10_15_55_59_905.jpg;-3.018826;1;0;5.00823;114.6015;139.9973;1.458663;109.5208;359.9655
/Users/Anand/Documents/RoboND-Rover-Project-master/dataset/IMG/robocam_2018_11_10_15_55_59_971.jpg;-0.0184536;1;0;5.018146;114.4657;140.3743;1.431165;109.1837;359.9684
/Users/Anand/Documents/RoboND-Rover-Project-master/dataset/IMG/robocam_2018_11_10_15_56_00_038.jpg;0;1;0;5.014023;114.3654;140.6567;1.392961;108.7645;359.9698
/Users/Anand/Documents/RoboND-Rover-Project-master/dataset/IMG/robocam_2018_11_10_15_56_00_104.jpg;0;1;0;5.019516;114.266;140.9409;1.393035;108.7143;359.9446
/Users/Anand/Documents/RoboND-Rover-Project-master/dataset/IMG/robocam_2018_11_10_15_56_00_171.jpg;1.490981;1;0;4.982584;114.1341;141.3199;1.409258;108.7554;359.9218
/Users/Anand/Documents/RoboND-Rover-Project-master/dataset/IMG/robocam_2018_11_10_15_56_00_238.jpg;4.501482;1;0;5.008006;114.033;141.6037;1.439144;109.1209;359.961
/Users/Anand/Documents/RoboND-Rover-Project-master/dataset/IMG/robocam_2018_11_10_15_56_00_304.jpg;7.507165;1;0;4.994383;113.9298;141.887;1.478461;109.7853;359.9911
/Users/Anand/Documents/RoboND-Rover-Project-master/dataset/IMG/robocam_2018_11_10_15_56_00_371.jpg;4.512366;1;0;5.009253;113.7902;142.2632;1.489077;110.7812;359.9902
/Users/Anand/Documents/RoboND-Rover-Project-master/dataset/IMG/robocam_2018_11_10_15_56_00_438.jpg;1.512219;1;0;5.030978;113.6843;142.5433;1.415299;111.2775;-0.001223564
/Users/Anand/Documents/RoboND-Rover-Project-master/dataset/IMG/robocam_2018_11_10_15_56_00_505.jpg;0;1;0;5.008924;113.5772;142.8237;1.37201;111.4417;0.01875096
/Users/Anand/Documents/RoboND-Rover-Project-master/dataset/IMG/robocam_2018_11_10_15_56_00_571.jpg;0;1;0;5.021131;113.4334;143.1974;1.337615;111.4662;0.05188818
/Users/Anand/Documents/RoboND-Rover-Project-master/dataset/IMG/robocam_2018_11_10_15_56_00_638.jpg;0;1;0;5.014588;113.3251;143.4782;1.339065;111.4381;0.06690553
/Users/Anand/Documents/RoboND-Rover-Project-master/dataset/IMG/robocam_2018_11_10_15_56_00_705.jpg;0;1;0;5.024466;113.217;143.7588;1.348569;111.3867;0.06671881
/Users/Anand/Documents/RoboND-Rover-Project-master/dataset/IMG/robocam_2018_11_10_15_56_00_771.jpg;-1.50363;1;0;5.014544;113.0731;144.1343;1.39415;111.2669;0.0278522
/Users/Anand/Documents/RoboND-Rover-Project-master/dataset/IMG/robocam_2018_11_10_15_56_00_838.jpg;-4.498107;1;0;5.003065;112.9668;144.4162;1.434321;110.887;-0.0003119919
/Users/Anand/Documents/RoboND-Rover-Project-master/dataset/IMG/robocam_2018_11_10_15_56_00_904.jpg;-7.491238;1;0;5.014135;112.8623;144.6992;1.481281;110.2447;-0.001310073
/Users/Anand/Documents/RoboND-Rover-Project-master/dataset/IMG/robocam_2018_11_10_15_56_00_971.jpg;-4.484203;1;0;5.00478;112.7266;145.0773;1.504497;109.2072;0.0002031614
/Users/Anand/Documents/RoboND-Rover-Project-master/dataset/IMG/robocam_2018_11_10_15_56_01_038.jpg;-1.481845;1;0;5.012871;112.6272;145.3611;1.497276;109.0314;359.9833
/Users/Anand/Documents/RoboND-Rover-Project-master/dataset/IMG/robocam_2018_11_10_15_56_01_104.jpg;0;1;0;5.022995;112.5289;145.6452;1.490202;108.3284;359.9711
/Users/Anand/Documents/RoboND-Rover-Project-master/dataset/IMG/robocam_2018_11_10_15_56_01_171.jpg;0;1;0;5.038702;112.3996;146.0229;1.425035;108.2334;359.9895
/Users/Anand/Documents/RoboND-Rover-Project-master/dataset/IMG/robocam_2018_11_10_15_56_01_238.jpg;3.003205;1;0;5.013714;112.3024;146.3075;1.412391;108.4203;359.9909
/Users/Anand/Documents/RoboND-Rover-Project-master/dataset/IMG/robocam_2018_11_10_15_56_01_304.jpg;6.00192;1;0;5.020283;112.2038;146.5915;1.409101;108.8953;359.9915
/Users/Anand/Documents/RoboND-Rover-Project-master/dataset/IMG/robocam_2018_11_10_15_56_01_371.jpg;3.004337;1;0;5.013988;112.07;146.9703;1.431726;109.6199;-0.005601597
/Users/Anand/Documents/RoboND-Rover-Project-master/dataset/IMG/robocam_2018_11_10_15_56_01_438.jpg;0.007563829;1;0;5.005613;111.9694;147.2541;1.455988;109.8824;-0.002821112
/Users/Anand/Documents/RoboND-Rover-Project-master/dataset/IMG/robocam_2018_11_10_15_56_01_504.jpg;0;1;0;4.983685;111.8686;147.538;1.488694;109.9409;-0.001668837
/Users/Anand/Documents/RoboND-Rover-Project-master/dataset/IMG/robocam_2018_11_10_15_56_01_571.jpg;0;1;0;5.009492;111.7339;147.916;1.495443;109.9352;-0.004339288
/Users/Anand/Documents/RoboND-Rover-Project-master/dataset/IMG/robocam_2018_11_10_15_56_01_638.jpg;-1.50385;1;0;5.031672;111.6336;148.198;1.418044;109.8583;-0.0009073055
/Users/Anand/Documents/RoboND-Rover-Project-master/dataset/IMG/robocam_2018_11_10_15_56_01_704.jpg;-4.511427;1;0;5.010161;111.5344;148.4812;1.370305;109.5478;2.831603E-05
/Users/Anand/Documents/RoboND-Rover-Project-master/dataset/IMG/robocam_2018_11_10_15_56_01_771.jpg;-7.504601;1;0;5.016763;111.406;148.8608;1.340058;108.6262;-0.0002901623
/Users/Anand/Documents/RoboND-Rover-Project-master/dataset/IMG/robocam_2018_11_10_15_56_01_838.jpg;-4.502517;1;0;4.995877;111.3125;149.1464;1.331052;107.8923;359.9913
/Users/Anand/Documents/RoboND-Rover-Project-master/dataset/IMG/robocam_2018_11_10_15_56_01_904.jpg;-1.502139;1;0;5.01786;111.2205;149.4329;1.340202;107.3878;359.9551
/Users/Anand/Documents/RoboND-Rover-Project-master/dataset/IMG/robocam_2018_11_10_15_56_01_972.jpg;0;1;0;4.99417;111.0984;149.8155;1.369328;107.1838;359.9084
/Users/Anand/Documents/RoboND-Rover-Project-master/dataset/IMG/robocam_2018_11_10_15_56_02_039.jpg;3.032956;1;0;5.00753;111.0057;150.1019;1.381411;107.341;359.9291
/Users/Anand/Documents/RoboND-Rover-Project-master/dataset/IMG/robocam_2018_11_10_15_56_02_105.jpg;6.040576;1;0;4.992233;110.9114;150.3873;1.37255;107.8151;359.9923
/Users/Anand/Documents/RoboND-Rover-Project-master/dataset/IMG/robocam_2018_11_10_15_56_02_172.jpg;9.022457;1;0;5.008659;110.7825;150.7672;1.379411;108.9573;0.01928044
/Users/Anand/Documents/RoboND-Rover-Project-master/dataset/IMG/robocam_2018_11_10_15_56_02_238.jpg;6.030003;1;0;5.021129;110.6815;151.0507;1.382553;109.9107;0.1040224
/Users/Anand/Documents/RoboND-Rover-Project-master/dataset/IMG/robocam_2018_11_10_15_56_02_304.jpg;3.043894;1;0;5.006325;110.5796;151.3327;1.324315;110.6649;0.1498265
/Users/Anand/Documents/RoboND-Rover-Project-master/dataset/IMG/robocam_2018_11_10_15_56_02_371.jpg;0.04104316;1;0;5.003013;110.4407;151.7062;1.191101;110.9352;0.2235816
/Users/Anand/Documents/RoboND-Rover-Project-master/dataset/IMG/robocam_2018_11_10_15_56_02_438.jpg;0;1;0;5.013686;110.3352;151.9867;1.127769;110.9861;0.2763165
/Users/Anand/Documents/RoboND-Rover-Project-master/dataset/IMG/robocam_2018_11_10_15_56_02_504.jpg;0;1;0;4.985394;110.2297;152.2673;1.084342;110.9257;0.3069505
/Users/Anand/Documents/RoboND-Rover-Project-master/dataset/IMG/robocam_2018_11_10_15_56_02_571.jpg;-2.999246;1;0;5.001209;110.0903;152.6428;1.069324;110.6244;0.2778772
/Users/Anand/Documents/RoboND-Rover-Project-master/dataset/IMG/robocam_2018_11_10_15_56_02_638.jpg;-6.000027;1;0;5.011767;109.9888;152.9265;1.098142;110.0696;0.1735843
/Users/Anand/Documents/RoboND-Rover-Project-master/dataset/IMG/robocam_2018_11_10_15_56_02_705.jpg;-8.999595;1;0;4.998005;109.8912;153.2121;1.158532;109.1548;0.004052184
/Users/Anand/Documents/RoboND-Rover-Project-master/dataset/IMG/robocam_2018_11_10_15_56_02_771.jpg;-11.9997;1;0;5.004717;109.7683;153.5949;1.220347;107.4254;359.771
/Users/Anand/Documents/RoboND-Rover-Project-master/dataset/IMG/robocam_2018_11_10_15_56_02_838.jpg;-14.99845;1;0;5.009026;109.6838;153.8814;1.122833;105.6497;359.5891
/Users/Anand/Documents/RoboND-Rover-Project-master/dataset/IMG/robocam_2018_11_10_15_56_02_904.jpg;-15;1;0;5.007488;109.6079;154.1667;0.8378763;103.5328;359.4148
/Users/Anand/Documents/RoboND-Rover-Project-master/dataset/IMG/robocam_2018_11_10_15_56_02_971.jpg;-13.49948;1;0;5.02305;109.5241;154.5486;0.3115277;100.582;359.0371
/Users/Anand/Documents/RoboND-Rover-Project-master/dataset/IMG/robocam_2018_11_10_15_56_03_038.jpg;-10.49694;1;0;5.008765;109.4712;154.8367;359.9158;98.75385;358.7278
/Users/Anand/Documents/RoboND-Rover-Project-master/dataset/IMG/robocam_2018_11_10_15_56_03_105.jpg;-7.501557;1;0;5.006259;109.4214;155.1295;359.765;97.44272;358.6096
/Users/Anand/Documents/RoboND-Rover-Project-master/dataset/IMG/robocam_2018_11_10_15_56_03_171.jpg;-4.486197;1;0;5.002377;109.3594;155.528;359.9459;96.36163;358.8124
/Users/Anand/Documents/RoboND-Rover-Project-master/dataset/IMG/robocam_2018_11_10_15_56_03_238.jpg;-1.499686;1;0;5.031352;109.3216;155.8296;0.1179555;95.70303;358.9632
/Users/Anand/Documents/RoboND-Rover-Project-master/dataset/IMG/robocam_2018_11_10_15_56_03_304.jpg;0;1;0;5.011958;109.2881;156.1304;0.2327358;95.39511;359.0884
/Users/Anand/Documents/RoboND-Rover-Project-master/dataset/IMG/robocam_2018_11_10_15_56_03_371.jpg;0;1;0;5.011792;109.2477;156.532;0.3900633;95.24176;359.2339
/Users/Anand/Documents/RoboND-Rover-Project-master/dataset/IMG/robocam_2018_11_10_15_56_03_438.jpg;0;1;0;5.017106;109.219;156.8341;0.5426161;95.20538;359.3329
/Users/Anand/Documents/RoboND-Rover-Project-master/dataset/IMG/robocam_2018_11_10_15_56_03_504.jpg;0;1;0;5.016434;109.1905;157.1361;0.6953233;95.20462;359.4556
/Users/Anand/Documents/RoboND-Rover-Project-master/dataset/IMG/robocam_2018_11_10_15_56_03_571.jpg;0;1;0;5.008758;109.1526;157.5395;0.9341922;95.22696;359.6253
/Users/Anand/Documents/RoboND-Rover-Project-master/dataset/IMG/robocam_2018_11_10_15_56_03_638.jpg;0;1;0;5.014198;109.124;157.8425;1.13498;95.25153;359.7592
/Users/Anand/Documents/RoboND-Rover-Project-master/dataset/IMG/robocam_2018_11_10_15_56_03_705.jpg;0;1;0;5.025887;109.0952;158.1449;1.327847;95.31293;359.9023
/Users/Anand/Documents/RoboND-Rover-Project-master/dataset/IMG/robocam_2018_11_10_15_56_03_771.jpg;0;1;0;5.01474;109.058;158.5478;1.524858;95.32443;-0.003991819
/Users/Anand/Documents/RoboND-Rover-Project-master/dataset/IMG/robocam_2018_11_10_15_56_03_838.jpg;0;1;0;5.008426;109.0318;158.8448;1.415525;95.30396;-0.001016201
/Users/Anand/Documents/RoboND-Rover-Project-master/dataset/IMG/robocam_2018_11_10_15_56_03_905.jpg;0;1;0;5.00655;109.0056;159.1433;1.368458;95.27094;-0.001349027
/Users/Anand/Documents/RoboND-Rover-Project-master/dataset/IMG/robocam_2018_11_10_15_56_03_971.jpg;0;1;0;5.012177;108.9705;159.5424;1.337343;95.22827;-0.001416036
/Users/Anand/Documents/RoboND-Rover-Project-master/dataset/IMG/robocam_2018_11_10_15_56_04_038.jpg;1.497552;1;0;5.010824;108.944;159.8421;1.336763;95.23419;-0.001135154
/Users/Anand/Documents/RoboND-Rover-Project-master/dataset/IMG/robocam_2018_11_10_15_56_04_104.jpg;4.497973;1;0;5.007677;108.9161;160.142;1.354861;95.56308;-0.001430304
/Users/Anand/Documents/RoboND-Rover-Project-master/dataset/IMG/robocam_2018_11_10_15_56_04_171.jpg;7.509016;1;0;5.021996;108.8735;160.5408;1.366171;96.03439;0.08709591
/Users/Anand/Documents/RoboND-Rover-Project-master/dataset/IMG/robocam_2018_11_10_15_56_04_238.jpg;10.4976;1;0;5.019214;108.8378;160.8389;1.32823;97.18607;0.1510554
/Users/Anand/Documents/RoboND-Rover-Project-master/dataset/IMG/robocam_2018_11_10_15_56_04_305.jpg;13.50346;1;0;5.02047;108.7954;161.1335;1.164896;98.64319;0.253295
/Users/Anand/Documents/RoboND-Rover-Project-master/dataset/IMG/robocam_2018_11_10_15_56_04_371.jpg;15;1;0;5.010135;108.7256;161.5224;0.8458459;101.1973;0.5326088
/Users/Anand/Documents/RoboND-Rover-Project-master/dataset/IMG/robocam_2018_11_10_15_56_04_438.jpg;15;1;0;5.009381;108.6636;161.8099;0.5036767;103.3105;0.8044647
/Users/Anand/Documents/RoboND-Rover-Project-master/dataset/IMG/robocam_2018_11_10_15_56_04_504.jpg;15;1;0;5.008796;108.5919;162.0935;0.08435611;105.4627;1.15197
/Users/Anand/Documents/RoboND-Rover-Project-master/dataset/IMG/robocam_2018_11_10_15_56_04_572.jpg;12.01812;1;0;5.01162;108.4867;162.4719;359.7085;107.8296;1.40251
/Users/Anand/Documents/RoboND-Rover-Project-master/dataset/IMG/robocam_2018_11_10_15_56_04_638.jpg;9.008476;1;0;5.001647;108.4011;162.7588;359.6991;109.1342;1.372784
/Users/Anand/Documents/RoboND-Rover-Project-master/dataset/IMG/robocam_2018_11_10_15_56_04_704.jpg;6.008817;1;0;5.002367;108.3089;163.049;359.9391;110.1135;1.129058
/Users/Anand/Documents/RoboND-Rover-Project-master/dataset/IMG/robocam_2018_11_10_15_56_04_771.jpg;3.00786;1;0;5.01411;108.1712;163.4327;0.3239525;111.3815;0.923445
/Users/Anand/Documents/RoboND-Rover-Project-master/dataset/IMG/robocam_2018_11_10_15_56_04_838.jpg;0.01072168;1;0;5.011841;108.0643;163.7164;0.4649459;111.9564;0.7370955
/Users/Anand/Documents/RoboND-Rover-Project-master/dataset/IMG/robocam_2018_11_10_15_56_04_905.jpg;0;1;0;5.017906;107.9533;163.9984;0.6051791;112.189;0.6160756
/Users/Anand/Documents/RoboND-Rover-Project-master/dataset/IMG/robocam_2018_11_10_15_56_04_971.jpg;0;1;0;5.007344;107.8021;164.3737;0.8128034;112.2681;0.495303
/Users/Anand/Documents/RoboND-Rover-Project-master/dataset/IMG/robocam_2018_11_10_15_56_05_038.jpg;0;1;0;5.022996;107.6884;164.655;0.9686399;112.2442;0.3911707
/Users/Anand/Documents/RoboND-Rover-Project-master/dataset/IMG/robocam_2018_11_10_15_56_05_105.jpg;0;1;0;4.997685;107.5748;164.9362;1.117122;112.2031;0.261587
/Users/Anand/Documents/RoboND-Rover-Project-master/dataset/IMG/robocam_2018_11_10_15_56_05_171.jpg;0;1;0;5.002149;107.4235;165.3114;1.324682;112.128;0.07748995
/Users/Anand/Documents/RoboND-Rover-Project-master/dataset/IMG/robocam_2018_11_10_15_56_05_238.jpg;0;1;0;5.014029;107.3094;165.5926;1.477173;112.1061;-0.005612598
/Users/Anand/Documents/RoboND-Rover-Project-master/dataset/IMG/robocam_2018_11_10_15_56_05_305.jpg;0;1;0;5.005379;107.1953;165.8711;1.480076;112.1122;359.993
/Users/Anand/Documents/RoboND-Rover-Project-master/dataset/IMG/robocam_2018_11_10_15_56_05_372.jpg;0;1;0;4.965386;107.0457;166.2402;1.342671;112.0898;-0.002432108
/Users/Anand/Documents/RoboND-Rover-Project-master/dataset/IMG/robocam_2018_11_10_15_56_05_438.jpg;0;1;0;5.010602;106.9336;166.5183;1.283178;112.0663;-0.001753637
/Users/Anand/Documents/RoboND-Rover-Project-master/dataset/IMG/robocam_2018_11_10_15_56_05_504.jpg;0;1;0;5.003186;106.8216;166.7972;1.257954;112.046;-0.001629099
/Users/Anand/Documents/RoboND-Rover-Project-master/dataset/IMG/robocam_2018_11_10_15_56_05_571.jpg;0;1;0;5.01382;106.6726;167.169;1.245064;111.996;-0.001279735
/Users/Anand/Documents/RoboND-Rover-Project-master/dataset/IMG/robocam_2018_11_10_15_56_05_638.jpg;0;1;0;5.016783;106.5607;167.4489;1.270072;111.9733;-0.001558706
/Users/Anand/Documents/RoboND-Rover-Project-master/dataset/IMG/robocam_2018_11_10_15_56_05_705.jpg;0;1;0;5.016023;106.4491;167.7287;1.300033;111.9317;-0.00138419
/Users/Anand/Documents/RoboND-Rover-Project-master/dataset/IMG/robocam_2018_11_10_15_56_05_772.jpg;0;1;0;5.017186;106.3002;168.1025;1.367809;111.8952;-0.001655138
/Users/Anand/Documents/RoboND-Rover-Project-master/dataset/IMG/robocam_2018_11_10_15_56_05_838.jpg;-1.508083;1;0;4.996382;106.1891;168.3829;1.418979;111.8003;-0.001214786
/Users/Anand/Documents/RoboND-Rover-Project-master/dataset/IMG/robocam_2018_11_10_15_56_05_904.jpg;-4.50036;1;0;5.016668;106.0794;168.6641;1.476662;111.4866;-0.0002507726
/Users/Anand/Documents/RoboND-Rover-Project-master/dataset/IMG/robocam_2018_11_10_15_56_05_972.jpg;-7.502756;1;0;4.99805;105.9376;169.0397;1.494876;110.5474;-0.002324763
/Users/Anand/Documents/RoboND-Rover-Project-master/dataset/IMG/robocam_2018_11_10_15_56_06_038.jpg;-7.511446;1;0;5.032718;105.8363;169.321;1.414433;109.5563;359.9931
/Users/Anand/Documents/RoboND-Rover-Project-master/dataset/IMG/robocam_2018_11_10_15_56_06_105.jpg;-4.509046;1;0;5.009184;105.7382;169.6045;1.361337;108.701;359.9221
/Users/Anand/Documents/RoboND-Rover-Project-master/dataset/IMG/robocam_2018_11_10_15_56_06_171.jpg;-1.508941;1;0;5.020669;105.6099;169.9833;1.27744;108.0338;359.8201
/Users/Anand/Documents/RoboND-Rover-Project-master/dataset/IMG/robocam_2018_11_10_15_56_06_238.jpg;0;1;0;4.9734;105.5155;170.2664;1.184832;107.7697;359.7585
/Users/Anand/Documents/RoboND-Rover-Project-master/dataset/IMG/robocam_2018_11_10_15_56_06_305.jpg;0;1;0;5.022325;105.4219;170.5509;1.126244;107.7535;359.6919
/Users/Anand/Documents/RoboND-Rover-Project-master/dataset/IMG/robocam_2018_11_10_15_56_06_372.jpg;0;1;0;5.019498;105.297;170.9313;1.070791;107.7471;359.6624
/Users/Anand/Documents/RoboND-Rover-Project-master/dataset/IMG/robocam_2018_11_10_15_56_06_438.jpg;0;1;0;4.982145;105.2036;171.2162;1.040058;107.8535;359.6642
/Users/Anand/Documents/RoboND-Rover-Project-master/dataset/IMG/robocam_2018_11_10_15_56_06_504.jpg;0;1;0;5.026802;105.11;171.5017;1.040795;107.9412;359.685
/Users/Anand/Documents/RoboND-Rover-Project-master/dataset/IMG/robocam_2018_11_10_15_56_06_571.jpg;0;1;0;5.015243;104.9843;171.8837;1.095018;107.9861;359.7463
/Users/Anand/Documents/RoboND-Rover-Project-master/dataset/IMG/robocam_2018_11_10_15_56_06_638.jpg;0;1;0;4.998837;104.8897;172.1702;1.154516;108.0474;359.8096
/Users/Anand/Documents/RoboND-Rover-Project-master/dataset/IMG/robocam_2018_11_10_15_56_06_704.jpg;-3.000555;1;0;5.020145;104.7958;172.4573;1.2329;107.9639;359.8651
/Users/Anand/Documents/RoboND-Rover-Project-master/dataset/IMG/robocam_2018_11_10_15_56_06_771.jpg;-5.997285;1;0;4.98635;104.6743;172.8414;1.344985;107.3689;359.8864
/Users/Anand/Documents/RoboND-Rover-Project-master/dataset/IMG/robocam_2018_11_10_15_56_06_838.jpg;-6.002918;1;0;5.006852;104.5862;173.1291;1.357721;106.6221;359.9164
/Users/Anand/Documents/RoboND-Rover-Project-master/dataset/IMG/robocam_2018_11_10_15_56_06_905.jpg;-2.997589;1;0;4.964589;104.5013;173.4165;1.323688;105.9737;359.9363
/Users/Anand/Documents/RoboND-Rover-Project-master/dataset/IMG/robocam_2018_11_10_15_56_06_972.jpg;-0.004822612;1;0;5.008087;104.3902;173.8018;1.319965;105.561;359.9154
/Users/Anand/Documents/RoboND-Rover-Project-master/dataset/IMG/robocam_2018_11_10_15_56_07_038.jpg;0;1;0;5.02438;104.3075;174.0912;1.33051;105.5178;359.8973
/Users/Anand/Documents/RoboND-Rover-Project-master/dataset/IMG/robocam_2018_11_10_15_56_07_104.jpg;0;0.8006768;0;5.003433;104.2249;174.381;1.355905;105.5238;359.8871
/Users/Anand/Documents/RoboND-Rover-Project-master/dataset/IMG/robocam_2018_11_10_15_56_07_171.jpg;0;0.6015071;0;5.006465;104.1152;174.7657;1.344831;105.5866;359.905
/Users/Anand/Documents/RoboND-Rover-Project-master/dataset/IMG/robocam_2018_11_10_15_56_07_238.jpg;0;0.4021299;0;5.005543;104.033;175.0539;1.308021;105.6307;359.9321
/Users/Anand/Documents/RoboND-Rover-Project-master/dataset/IMG/robocam_2018_11_10_15_56_07_304.jpg;0;0.202978;0;5.000063;103.9509;175.3412;1.233924;105.6742;359.9651
/Users/Anand/Documents/RoboND-Rover-Project-master/dataset/IMG/robocam_2018_11_10_15_56_07_372.jpg;0;0;0;4.991907;103.8422;175.7223;1.059566;105.7195;-0.005263334
/Users/Anand/Documents/RoboND-Rover-Project-master/dataset/IMG/robocam_2018_11_10_15_56_07_438.jpg;0;0;0.2033912;4.972327;103.7619;176.0047;0.8405246;105.7399;-0.004315909
/Users/Anand/Documents/RoboND-Rover-Project-master/dataset/IMG/robocam_2018_11_10_15_56_07_504.jpg;0;0;0;4.921695;103.6825;176.284;0.5607417;105.7581;-0.00338841
/Users/Anand/Documents/RoboND-Rover-Project-master/dataset/IMG/robocam_2018_11_10_15_56_07_572.jpg;0;0;0;4.90568;103.577;176.6548;0.1743031;105.7764;359.9923
/Users/Anand/Documents/RoboND-Rover-Project-master/dataset/IMG/robocam_2018_11_10_15_56_07_638.jpg;0;0;0;4.889688;103.498;176.9322;359.9063;105.7909;-0.004548354
/Users/Anand/Documents/RoboND-Rover-Project-master/dataset/IMG/robocam_2018_11_10_15_56_07_704.jpg;0;0;0;4.867414;103.4193;177.2096;359.6931;105.8025;0.002210065
/Users/Anand/Documents/RoboND-Rover-Project-master/dataset/IMG/robocam_2018_11_10_15_56_07_771.jpg;-2.988904;0;0;4.849968;103.3159;177.5793;359.4743;105.6197;359.9912
/Users/Anand/Documents/RoboND-Rover-Project-master/dataset/IMG/robocam_2018_11_10_15_56_07_837.jpg;-5.980548;0;0;4.832182;103.2414;177.8566;359.3345;105.1593;359.9365
/Users/Anand/Documents/RoboND-Rover-Project-master/dataset/IMG/robocam_2018_11_10_15_56_07_904.jpg;-2.980852;0;0;4.807885;103.1687;178.1342;359.2477;104.6071;359.8843
/Users/Anand/Documents/RoboND-Rover-Project-master/dataset/IMG/robocam_2018_11_10_15_56_07_971.jpg;0;0;0;4.79127;103.0735;178.5035;359.1544;104.2053;359.8155
/Users/Anand/Documents/RoboND-Rover-Project-master/dataset/IMG/robocam_2018_11_10_15_56_08_037.jpg;0;0;0;4.773461;103.0025;178.7802;359.1312;104.1192;359.8039
/Users/Anand/Documents/RoboND-Rover-Project-master/dataset/IMG/robocam_2018_11_10_15_56_08_104.jpg;-1.503947;0;0;4.750918;102.9322;179.0565;359.1337;104.0821;359.8082
/Users/Anand/Documents/RoboND-Rover-Project-master/dataset/IMG/robocam_2018_11_10_15_56_08_171.jpg;-4.506073;0;0;4.732615;102.8417;179.4249;359.1916;103.7126;359.794
/Users/Anand/Documents/RoboND-Rover-Project-master/dataset/IMG/robocam_2018_11_10_15_56_08_238.jpg;-7.506945;0;0;4.715196;102.779;179.7009;359.222;103.0055;359.6786
/Users/Anand/Documents/RoboND-Rover-Project-master/dataset/IMG/robocam_2018_11_10_15_56_08_304.jpg;-10.5079;0;0;4.690407;102.7203;179.9776;359.3131;101.9787;359.5449
/Users/Anand/Documents/RoboND-Rover-Project-master/dataset/IMG/robocam_2018_11_10_15_56_08_371.jpg;-13.50679;0;0.1999261;4.657913;102.6524;180.346;359.4796;100.0795;359.2693
/Users/Anand/Documents/RoboND-Rover-Project-master/dataset/IMG/robocam_2018_11_10_15_56_08_438.jpg;-10.51416;0;0.3994353;4.595969;102.6084;180.6193;359.6481;98.58307;359.1093
/Users/Anand/Documents/RoboND-Rover-Project-master/dataset/IMG/robocam_2018_11_10_15_56_08_504.jpg;-7.502128;0;0.6002373;4.485961;102.5705;180.8882;359.8089;97.17773;358.9918
/Users/Anand/Documents/RoboND-Rover-Project-master/dataset/IMG/robocam_2018_11_10_15_56_08_571.jpg;-4.502517;0;0.8002113;4.355262;102.5292;181.2311;359.8053;95.85526;358.91
/Users/Anand/Documents/RoboND-Rover-Project-master/dataset/IMG/robocam_2018_11_10_15_56_08_638.jpg;-1.498722;0;1;4.189369;102.5024;181.4745;359.6316;95.11749;358.9789
/Users/Anand/Documents/RoboND-Rover-Project-master/dataset/IMG/robocam_2018_11_10_15_56_08_704.jpg;0;0;1;3.969385;102.4792;181.7062;359.3288;94.47507;359.1294
/Users/Anand/Documents/RoboND-Rover-Project-master/dataset/IMG/robocam_2018_11_10_15_56_08_771.jpg;-1.495305;0;1;3.805713;102.4532;181.9984;358.8266;93.78738;359.4959
/Users/Anand/Documents/RoboND-Rover-Project-master/dataset/IMG/robocam_2018_11_10_15_56_08_838.jpg;-1.520056;0;1;3.645024;102.4375;182.2061;358.4201;93.37903;359.8473
/Users/Anand/Documents/RoboND-Rover-Project-master/dataset/IMG/robocam_2018_11_10_15_56_08_904.jpg;-4.52538;0;1;3.463519;102.427;182.4099;358.1989;93.20175;0.03750091
/Users/Anand/Documents/RoboND-Rover-Project-master/dataset/IMG/robocam_2018_11_10_15_56_08_972.jpg;-7.531337;0;1;3.342154;102.4183;182.676;358.2104;92.75372;359.9698
/Users/Anand/Documents/RoboND-Rover-Project-master/dataset/IMG/robocam_2018_11_10_15_56_09_038.jpg;-10.53041;0;1;3.22269;102.4103;182.8713;358.4545;92.41373;0.002002574
/Users/Anand/Documents/RoboND-Rover-Project-master/dataset/IMG/robocam_2018_11_10_15_56_09_105.jpg;-13.53524;0;1;3.068888;102.4057;183.0607;358.8303;91.91098;359.9491
/Users/Anand/Documents/RoboND-Rover-Project-master/dataset/IMG/robocam_2018_11_10_15_56_09_171.jpg;-13.50991;0;1;2.811113;102.4101;183.282;358.8142;89.66308;359.8197
/Users/Anand/Documents/RoboND-Rover-Project-master/dataset/IMG/robocam_2018_11_10_15_56_09_238.jpg;-10.51242;0;1;2.611162;102.417;183.4335;358.6969;88.0074;359.8141
/Users/Anand/Documents/RoboND-Rover-Project-master/dataset/IMG/robocam_2018_11_10_15_56_09_305.jpg;-7.498774;0;1;2.432256;102.4264;183.5786;358.6674;86.90751;359.879
/Users/Anand/Documents/RoboND-Rover-Project-master/dataset/IMG/robocam_2018_11_10_15_56_09_371.jpg;-4.50987;0;1;2.30981;102.4415;183.7603;358.7351;86.01187;0.002025865
/Users/Anand/Documents/RoboND-Rover-Project-master/dataset/IMG/robocam_2018_11_10_15_56_09_438.jpg;-1.504814;0;1;2.100893;102.4535;183.8819;358.6799;85.54742;359.9922
/Users/Anand/Documents/RoboND-Rover-Project-master/dataset/IMG/robocam_2018_11_10_15_56_09_504.jpg;0;0;1;1.896665;102.4644;183.9949;358.6412;85.21434;-0.005645494
/Users/Anand/Documents/RoboND-Rover-Project-master/dataset/IMG/robocam_2018_11_10_15_56_09_571.jpg;0;0;1;1.769976;102.4777;184.1327;358.66;84.94377;0.0005489198
/Users/Anand/Documents/RoboND-Rover-Project-master/dataset/IMG/robocam_2018_11_10_15_56_09_638.jpg;0;0;1;1.571634;102.4866;184.2234;358.6311;84.88792;-0.005202006
/Users/Anand/Documents/RoboND-Rover-Project-master/dataset/IMG/robocam_2018_11_10_15_56_09_704.jpg;0;0;1;1.367531;102.4943;184.306;358.6251;84.87729;0.0001432551
/Users/Anand/Documents/RoboND-Rover-Project-master/dataset/IMG/robocam_2018_11_10_15_56_09_771.jpg;0;0;1;1.238949;102.5033;184.4011;358.6202;84.86365;0.001573027
/Users/Anand/Documents/RoboND-Rover-Project-master/dataset/IMG/robocam_2018_11_10_15_56_09_838.jpg;0;0;1;1.043244;102.5091;184.4611;358.6116;84.86079;-0.005287211
/Users/Anand/Documents/RoboND-Rover-Project-master/dataset/IMG/robocam_2018_11_10_15_56_09_904.jpg;0;0;1;0.8414724;102.5138;184.5118;358.5887;84.97134;0.005494625
/Users/Anand/Documents/RoboND-Rover-Project-master/dataset/IMG/robocam_2018_11_10_15_56_09_971.jpg;0;0;1;0.6899484;102.5182;184.5606;358.4831;85.16838;0.003939518
/Users/Anand/Documents/RoboND-Rover-Project-master/dataset/IMG/robocam_2018_11_10_15_56_10_038.jpg;0;0;0;0.5054944;102.5211;184.5928;358.6185;85.2569;-0.004849009
/Users/Anand/Documents/RoboND-Rover-Project-master/dataset/IMG/robocam_2018_11_10_15_56_10_104.jpg;0;0;0;0.4810359;102.524;184.6276;358.9569;85.28906;0.004604951
/Users/Anand/Documents/RoboND-Rover-Project-master/dataset/IMG/robocam_2018_11_10_15_56_10_171.jpg;0;0;0;0.4781467;102.5279;184.6734;359.3986;85.28545;0.01476129
/Users/Anand/Documents/RoboND-Rover-Project-master/dataset/IMG/robocam_2018_11_10_15_56_10_238.jpg;0;0;0;0.4764853;102.5307;184.7071;359.7014;85.28551;0.02508079
/Users/Anand/Documents/RoboND-Rover-Project-master/dataset/IMG/robocam_2018_11_10_15_56_10_305.jpg;0;0;0;0.4744764;102.5335;184.7402;359.9744;85.28552;0.03396501
/Users/Anand/Documents/RoboND-Rover-Project-master/dataset/IMG/robocam_2018_11_10_15_56_10_372.jpg;0;0;0;0.4731003;102.5371;184.7833;0.2842433;85.28553;0.04349854
/Users/Anand/Documents/RoboND-Rover-Project-master/dataset/IMG/robocam_2018_11_10_15_56_10_438.jpg;0;0;0;0.4718153;102.5397;184.8148;0.4722926;85.28552;0.04890035
/Users/Anand/Documents/RoboND-Rover-Project-master/dataset/IMG/robocam_2018_11_10_15_56_10_504.jpg;0;0;0;0.4703114;102.5424;184.8453;0.6084086;85.2806;0.04024269
/Users/Anand/Documents/RoboND-Rover-Project-master/dataset/IMG/robocam_2018_11_10_15_56_10_571.jpg;0;0;0;0.4695905;102.5458;184.8845;0.715453;85.27581;0.01807657
/Users/Anand/Documents/RoboND-Rover-Project-master/dataset/IMG/robocam_2018_11_10_15_56_10_638.jpg;0;0;0.1002452;0.4686028;102.5482;184.9122;0.7314297;85.27693;0.001723316
/Users/Anand/Documents/RoboND-Rover-Project-master/dataset/IMG/robocam_2018_11_10_15_56_10_705.jpg;0;0;0.2999883;0.2770891;102.5488;184.9206;0.3107607;85.27555;359.991
/Users/Anand/Documents/RoboND-Rover-Project-master/dataset/IMG/robocam_2018_11_10_15_56_10_772.jpg;0;0;0;0.1693561;102.5489;184.9209;359.5613;85.27543;359.9781
/Users/Anand/Documents/RoboND-Rover-Project-master/dataset/IMG/robocam_2018_11_10_15_56_10_838.jpg;0;0;0;0.1557658;102.5489;184.9212;359.0764;85.27618;359.994
/Users/Anand/Documents/RoboND-Rover-Project-master/dataset/IMG/robocam_2018_11_10_15_56_10_904.jpg;0;0;0;0.1166931;102.5489;184.9213;358.6913;85.2762;0.01720727
/Users/Anand/Documents/RoboND-Rover-Project-master/dataset/IMG/robocam_2018_11_10_15_56_10_971.jpg;0;0;0;0.05812793;102.5489;184.9215;358.5077;85.27467;359.9656
/Users/Anand/Documents/RoboND-Rover-Project-master/dataset/IMG/robocam_2018_11_10_15_56_11_038.jpg;0;0;0;-0.02775148;102.5488;184.9216;358.7089;85.29633;0.02501007
/Users/Anand/Documents/RoboND-Rover-Project-master/dataset/IMG/robocam_2018_11_10_15_56_11_104.jpg;0;0;0;-0.09444428;102.5488;184.9215;359.0317;85.29775;0.02801508
/Users/Anand/Documents/RoboND-Rover-Project-master/dataset/IMG/robocam_2018_11_10_15_56_11_171.jpg;0;0;0;-0.09483583;102.5488;184.9213;359.4534;85.29762;0.03071235
/Users/Anand/Documents/RoboND-Rover-Project-master/dataset/IMG/robocam_2018_11_10_15_56_11_238.jpg;0;0;0;-0.09152561;102.5488;184.9212;359.7558;85.29746;0.03176657
/Users/Anand/Documents/RoboND-Rover-Project-master/dataset/IMG/robocam_2018_11_10_15_56_11_304.jpg;0;0;0;-0.08485541;102.5487;184.9211;0.04098086;85.29729;0.03205047
/Users/Anand/Documents/RoboND-Rover-Project-master/dataset/IMG/robocam_2018_11_10_15_56_11_371.jpg;0;0;0;-0.07839416;102.5487;184.921;0.3871908;85.29707;0.03134696
/Users/Anand/Documents/RoboND-Rover-Project-master/dataset/IMG/robocam_2018_11_10_15_56_11_438.jpg;0;0;0;-0.07090672;102.5487;184.9209;0.6128966;85.29676;0.02593077
/Users/Anand/Documents/RoboND-Rover-Project-master/dataset/IMG/robocam_2018_11_10_15_56_11_505.jpg;-1.508448;0;0;-0.05398941;102.5487;184.9208;0.7933943;85.20623;0.003374934
/Users/Anand/Documents/RoboND-Rover-Project-master/dataset/IMG/robocam_2018_11_10_15_56_11_571.jpg;-4.509405;0;0;-0.04203337;102.5487;184.9208;0.9722403;84.30537;359.9899
/Users/Anand/Documents/RoboND-Rover-Project-master/dataset/IMG/robocam_2018_11_10_15_56_11_638.jpg;-7.506586;0;0;-0.03216981;102.5487;184.9207;1.064194;83.045;0.002048983
/Users/Anand/Documents/RoboND-Rover-Project-master/dataset/IMG/robocam_2018_11_10_15_56_11_705.jpg;-10.52024;0;0;-0.01764907;102.5487;184.9207;1.11954;81.33324;0.0164098
/Users/Anand/Documents/RoboND-Rover-Project-master/dataset/IMG/robocam_2018_11_10_15_56_11_772.jpg;-13.52164;0;0;-0.01164047;102.5487;184.9207;1.127959;78.26697;0.02098653
/Users/Anand/Documents/RoboND-Rover-Project-master/dataset/IMG/robocam_2018_11_10_15_56_11_839.jpg;-15;0;0;0.01696595;102.5486;184.9207;1.099363;75.56686;0.01728662
/Users/Anand/Documents/RoboND-Rover-Project-master/dataset/IMG/robocam_2018_11_10_15_56_11_905.jpg;-15;0;0;0.02104484;102.5486;184.9207;1.054144;72.86677;0.01003328
/Users/Anand/Documents/RoboND-Rover-Project-master/dataset/IMG/robocam_2018_11_10_15_56_11_972.jpg;-15;0;0;0.02404547;102.5486;184.9207;0.9740636;69.26674;-0.004389738
/Users/Anand/Documents/RoboND-Rover-Project-master/dataset/IMG/robocam_2018_11_10_15_56_12_039.jpg;-15;0;0;0.02680887;102.5486;184.9208;0.9000397;66.56683;359.9826
/Users/Anand/Documents/RoboND-Rover-Project-master/dataset/IMG/robocam_2018_11_10_15_56_12_105.jpg;-15;0;0;0.0303856;102.5486;184.9208;0.816579;63.86701;359.965
/Users/Anand/Documents/RoboND-Rover-Project-master/dataset/IMG/robocam_2018_11_10_15_56_12_172.jpg;-15;0;0;0.03234449;102.5486;184.9208;0.6963429;60.2673;359.933
/Users/Anand/Documents/RoboND-Rover-Project-master/dataset/IMG/robocam_2018_11_10_15_56_12_239.jpg;-15;0;0;0.03366928;102.5486;184.9209;0.602626;57.56747;359.9033
/Users/Anand/Documents/RoboND-Rover-Project-master/dataset/IMG/robocam_2018_11_10_15_56_12_305.jpg;-15;0;0;0.0344431;102.5486;184.9209;0.5083455;54.86755;359.8697
/Users/Anand/Documents/RoboND-Rover-Project-master/dataset/IMG/robocam_2018_11_10_15_56_12_372.jpg;-15;0;0;0.03431298;102.5486;184.9209;0.3851435;51.26756;359.8205
/Users/Anand/Documents/RoboND-Rover-Project-master/dataset/IMG/robocam_2018_11_10_15_56_12_438.jpg;-15;0;0;0.03362515;102.5486;184.921;0.2967749;48.56748;359.7818
/Users/Anand/Documents/RoboND-Rover-Project-master/dataset/IMG/robocam_2018_11_10_15_56_12_505.jpg;-15;0;0;0.03194407;102.5486;184.921;0.2133649;45.86733;359.7428
/Users/Anand/Documents/RoboND-Rover-Project-master/dataset/IMG/robocam_2018_11_10_15_56_12_572.jpg;-15;0;0;0.03020356;102.5486;184.9211;0.1116105;42.26704;359.6927
/Users/Anand/Documents/RoboND-Rover-Project-master/dataset/IMG/robocam_2018_11_10_15_56_12_639.jpg;-15;0;0;0.0281425;102.5487;184.9211;0.04329823;39.56676;359.6579
/Users/Anand/Documents/RoboND-Rover-Project-master/dataset/IMG/robocam_2018_11_10_15_56_12_705.jpg;-15;0;0;0.02505281;102.5487;184.9211;359.9823;36.86648;359.6267
/Users/Anand/Documents/RoboND-Rover-Project-master/dataset/IMG/robocam_2018_11_10_15_56_12_772.jpg;-15;0;0;0.02260756;102.5487;184.9212;359.9126;33.26609;359.5923
/Users/Anand/Documents/RoboND-Rover-Project-master/dataset/IMG/robocam_2018_11_10_15_56_12_839.jpg;-15;0;0;0.02015615;102.5487;184.9212;359.8721;30.56599;359.5769
/Users/Anand/Documents/RoboND-Rover-Project-master/dataset/IMG/robocam_2018_11_10_15_56_12_905.jpg;-15;0;0;0.01507909;102.5487;184.9212;359.8431;27.86601;359.5732
/Users/Anand/Documents/RoboND-Rover-Project-master/dataset/IMG/robocam_2018_11_10_15_56_12_972.jpg;-15;0;0;0.01294612;102.5487;184.9212;359.8154;24.26599;359.5811
/Users/Anand/Documents/RoboND-Rover-Project-master/dataset/IMG/robocam_2018_11_10_15_56_13_039.jpg;-15;0;0;0.01230246;102.5487;184.9212;359.801;21.56598;359.5956
/Users/Anand/Documents/RoboND-Rover-Project-master/dataset/IMG/robocam_2018_11_10_15_56_13_105.jpg;-15;0;0;0.01245494;102.5488;184.9212;359.7903;18.86598;359.6159
/Users/Anand/Documents/RoboND-Rover-Project-master/dataset/IMG/robocam_2018_11_10_15_56_13_172.jpg;-15;0;0;0.0128934;102.5488;184.9212;359.7798;15.26609;359.6499
/Users/Anand/Documents/RoboND-Rover-Project-master/dataset/IMG/robocam_2018_11_10_15_56_13_239.jpg;-15;0;0;0.01340231;102.5488;184.9212;359.7741;12.56622;359.6797
/Users/Anand/Documents/RoboND-Rover-Project-master/dataset/IMG/robocam_2018_11_10_15_56_13_305.jpg;-15;0;0;0.01401625;102.5488;184.9211;359.7699;9.866333;359.7123
/Users/Anand/Documents/RoboND-Rover-Project-master/dataset/IMG/robocam_2018_11_10_15_56_13_372.jpg;-15;0;0;0.01435291;102.5488;184.9211;359.7662;6.266579;359.759
/Users/Anand/Documents/RoboND-Rover-Project-master/dataset/IMG/robocam_2018_11_10_15_56_13_439.jpg;-15;0;0;0.01454546;102.5488;184.9211;359.7646;3.566788;359.7954
/Users/Anand/Documents/RoboND-Rover-Project-master/dataset/IMG/robocam_2018_11_10_15_56_13_505.jpg;-15;0;0;0.01455517;102.5488;184.9211;359.7637;0.8669434;359.8323
/Users/Anand/Documents/RoboND-Rover-Project-master/dataset/IMG/robocam_2018_11_10_15_56_13_572.jpg;-15;0;0;0.01437714;102.5488;184.921;359.7639;357.2671;359.881
/Users/Anand/Documents/RoboND-Rover-Project-master/dataset/IMG/robocam_2018_11_10_15_56_13_639.jpg;-15;0;0;0.01405106;102.5488;184.921;359.7649;354.5673;359.9165
/Users/Anand/Documents/RoboND-Rover-Project-master/dataset/IMG/robocam_2018_11_10_15_56_13_705.jpg;-15;0;0;0.01341549;102.5488;184.921;359.7666;351.8675;359.9506
/Users/Anand/Documents/RoboND-Rover-Project-master/dataset/IMG/robocam_2018_11_10_15_56_13_772.jpg;-15;0;0;-0.01281738;102.5488;184.921;359.7703;348.2677;359.993
/Users/Anand/Documents/RoboND-Rover-Project-master/dataset/IMG/robocam_2018_11_10_15_56_13_839.jpg;-15;0;0;-0.01214503;102.5488;184.921;359.7742;345.5678;0.02200923
/Users/Anand/Documents/RoboND-Rover-Project-master/dataset/IMG/robocam_2018_11_10_15_56_13_905.jpg;-15;0;0;-0.01118354;102.5488;184.9209;359.7792;342.868;0.04849443
/Users/Anand/Documents/RoboND-Rover-Project-master/dataset/IMG/robocam_2018_11_10_15_56_13_972.jpg;-15;0;0;-0.01045413;102.5488;184.9209;359.7875;339.2681;0.07950773
/Users/Anand/Documents/RoboND-Rover-Project-master/dataset/IMG/robocam_2018_11_10_15_56_14_039.jpg;-15;0;0;0;102.5488;184.9209;359.7952;336.5682;0.09943653
/Users/Anand/Documents/RoboND-Rover-Project-master/dataset/IMG/robocam_2018_11_10_15_56_14_105.jpg;-15;0;0;0;102.5488;184.9209;359.8041;333.8682;0.1164963
/Users/Anand/Documents/RoboND-Rover-Project-master/dataset/IMG/robocam_2018_11_10_15_56_14_172.jpg;-15;0;0;0;102.5488;184.9209;359.8179;330.2682;0.1348716
/Users/Anand/Documents/RoboND-Rover-Project-master/dataset/IMG/robocam_2018_11_10_15_56_14_239.jpg;-15;0;0;0;102.5488;184.9209;359.8297;327.5682;0.1455112
/Users/Anand/Documents/RoboND-Rover-Project-master/dataset/IMG/robocam_2018_11_10_15_56_14_305.jpg;-15;0;0;0;102.5487;184.9209;359.8427;324.8682;0.1536184
/Users/Anand/Documents/RoboND-Rover-Project-master/dataset/IMG/robocam_2018_11_10_15_56_14_372.jpg;-15;0;0;0;102.5487;184.9209;359.8617;321.2682;0.1607954
/Users/Anand/Documents/RoboND-Rover-Project-master/dataset/IMG/robocam_2018_11_10_15_56_14_439.jpg;-15;0;0;0;102.5487;184.9209;359.877;318.5681;0.16371
/Users/Anand/Documents/RoboND-Rover-Project-master/dataset/IMG/robocam_2018_11_10_15_56_14_505.jpg;-15;0;0;0;102.5487;184.9209;359.8931;315.8681;0.1647398
/Users/Anand/Documents/RoboND-Rover-Project-master/dataset/IMG/robocam_2018_11_10_15_56_14_572.jpg;-15;0;0;0;102.5487;184.9209;359.9155;312.2681;0.1635433
/Users/Anand/Documents/RoboND-Rover-Project-master/dataset/IMG/robocam_2018_11_10_15_56_14_639.jpg;-15;0;0;0;102.5487;184.9209;359.9328;309.568;0.1609869
/Users/Anand/Documents/RoboND-Rover-Project-master/dataset/IMG/robocam_2018_11_10_15_56_14_705.jpg;-15;0;0;0;102.5487;184.9209;359.9502;306.868;0.1572271
/Users/Anand/Documents/RoboND-Rover-Project-master/dataset/IMG/robocam_2018_11_10_15_56_14_772.jpg;-15;0;0;0;102.5487;184.921;359.9733;303.2679;0.150654
/Users/Anand/Documents/RoboND-Rover-Project-master/dataset/IMG/robocam_2018_11_10_15_56_14_838.jpg;-13.50267;0;0.1998271;-0.01235587;102.5489;184.9203;0.01196551;303.3063;0.1416108
/Users/Anand/Documents/RoboND-Rover-Project-master/dataset/IMG/robocam_2018_11_10_15_56_14_905.jpg;-10.50243;0;0.399843;0;102.5489;184.9203;0.03231338;303.3063;0.1344455
/Users/Anand/Documents/RoboND-Rover-Project-master/dataset/IMG/robocam_2018_11_10_15_56_14_972.jpg;-7.504261;0;0.5997212;0;102.5489;184.9203;0.05616534;303.3062;0.1216383
/Users/Anand/Documents/RoboND-Rover-Project-master/dataset/IMG/robocam_2018_11_10_15_56_15_039.jpg;-4.502177;0;0.7998601;0;102.5489;184.9203;0.07134317;303.3062;0.110074
/Users/Anand/Documents/RoboND-Rover-Project-master/dataset/IMG/robocam_2018_11_10_15_56_15_105.jpg;-1.504862;0;0.9996811;0;102.5489;184.9203;0.08405635;303.3062;0.0972683
/Users/Anand/Documents/RoboND-Rover-Project-master/dataset/IMG/robocam_2018_11_10_15_56_15_172.jpg;0;0;1;0;102.5489;184.9203;0.09706337;303.3062;0.0789149
/Users/Anand/Documents/RoboND-Rover-Project-master/dataset/IMG/robocam_2018_11_10_15_56_15_238.jpg;0;0;1;0;102.5489;184.9203;0.1038551;303.3062;0.06466273
/Users/Anand/Documents/RoboND-Rover-Project-master/dataset/IMG/robocam_2018_11_10_15_56_15_305.jpg;-2.99754;0;1;0;102.5489;184.9203;0.1081636;303.3062;0.0503596
/Users/Anand/Documents/RoboND-Rover-Project-master/dataset/IMG/robocam_2018_11_10_15_56_15_372.jpg;-6.000209;0;1;0;102.5489;184.9203;0.110224;303.3063;0.03170843
/Users/Anand/Documents/RoboND-Rover-Project-master/dataset/IMG/robocam_2018_11_10_15_56_15_439.jpg;-9.000136;0;1;0;102.5489;184.9203;0.1091933;303.3063;0.01836034
/Users/Anand/Documents/RoboND-Rover-Project-master/dataset/IMG/robocam_2018_11_10_15_56_15_505.jpg;-9.000764;0;1;0;102.5489;184.9203;0.1061479;303.3063;0.005797927
/Users/Anand/Documents/RoboND-Rover-Project-master/dataset/IMG/robocam_2018_11_10_15_56_15_572.jpg;-5.995708;0;1;0;102.5489;184.9203;0.09929887;303.3064;359.9906
/Users/Anand/Documents/RoboND-Rover-Project-master/dataset/IMG/robocam_2018_11_10_15_56_15_639.jpg;-3.002846;0;1;0;102.549;184.9203;0.09236461;303.3064;359.9805
/Users/Anand/Documents/RoboND-Rover-Project-master/dataset/IMG/robocam_2018_11_10_15_56_15_705.jpg;0;0;1;0;102.549;184.9203;0.08416015;303.3064;359.9718
/Users/Anand/Documents/RoboND-Rover-Project-master/dataset/IMG/robocam_2018_11_10_15_56_15_772.jpg;0;0;1;0;102.549;184.9203;0.07168092;303.3064;359.9622
/Users/Anand/Documents/RoboND-Rover-Project-master/dataset/IMG/robocam_2018_11_10_15_56_15_838.jpg;0;0;0;0;102.549;184.9203;0.06149347;303.3064;359.9565
/Users/Anand/Documents/RoboND-Rover-Project-master/dataset/IMG/robocam_2018_11_10_15_56_15_905.jpg;0;0;0;0;102.549;184.9203;0.05086837;303.3064;359.9522
/Users/Anand/Documents/RoboND-Rover-Project-master/dataset/IMG/robocam_2018_11_10_15_56_15_972.jpg;0;0;0;0;102.549;184.9203;0.03642991;303.3064;359.9485
/Users/Anand/Documents/RoboND-Rover-Project-master/dataset/IMG/robocam_2018_11_10_15_56_16_039.jpg;0;0;0;0;102.549;184.9203;0.0256821;303.3064;359.9473
/Users/Anand/Documents/RoboND-Rover-Project-master/dataset/IMG/robocam_2018_11_10_15_56_16_105.jpg;0;0;0;0;102.549;184.9203;0.01522578;303.3064;359.9473
/Users/Anand/Documents/RoboND-Rover-Project-master/dataset/IMG/robocam_2018_11_10_15_56_16_172.jpg;0;0;0;0;102.549;184.9204;0.002045888;303.3064;359.9489
